job_id,title,company_name,location,date_posted,industry,job_type,job_level,extracted_skills,salary_min,salary_max,salary_currency,is_data_role,url,ingested_at,salary_midpoint
arbeitnow_account-executive-enterprise-dach-munich-287225,Account Executive - Enterprise - DACH,Wordsmith,Munich,2026-10-03,GTM,Full Time,,,,,,0,https://www.arbeitnow.com/jobs/companies/wordsmith/account-executive-enterprise-dach-munich-287225,2026-10-03T14:13:08Z,
arbeitnow_account-executive-enterprise-sales-35486,"Account Executive, Enterprise Sales",pokaeu,,2026-10-03,Sales / Ventes,,,,,,,0,https://www.arbeitnow.co.uk/jobs/companies/pokaeu/account-executive-enterprise-sales-35486,2026-10-03T14:13:08Z,
arbeitnow_account-executive-existing-customers-dach-london-uk-98584,"Account Executive, Existing Customers (DACH)",Sanity,"London, UK",2026-10-03,Sales,Full Time,,,,,,0,https://www.arbeitnow.co.uk/jobs/companies/sanity/account-executive-existing-customers-dach-london-uk-98584,2026-10-03T14:13:08Z,
arbeitnow_account-executive-financial-services-london-445290,Account Executive - Financial Services,TransPerfect,"London, Greater London, United Kingdom",2026-10-03,Sales,"Entry, fulltime permanent",,Excel,,,,1,https://www.arbeitnow.co.uk/jobs/companies/transperfect/account-executive-financial-services-london-445290,2026-10-03T14:13:08Z,
arbeitnow_account-executive-im-aussendienst-berlin-80603,Account Executive (m/w/d) im Außendienst - Berlin,Salonkee,Deutschland / Berlin,2026-10-03,Sales,Full Time,,,,,,0,https://www.arbeitnow.com/jobs/companies/salonkee/account-executive-im-aussendienst-berlin-80603,2026-10-03T14:13:08Z,
arbeitnow_account-executive-im-aussendienst-darmstadt-85478,Account Executive (m/w/d) im Außendienst - Darmstadt,Salonkee,Deutschland / Darmstadt,2026-10-03,Sales,Full Time,,,,,,0,https://www.arbeitnow.com/jobs/companies/salonkee/account-executive-im-aussendienst-darmstadt-85478,2026-10-03T14:13:08Z,
arbeitnow_account-executive-im-aussendienst-frankfurt-198526,Account Executive (m/w/d) im Außendienst - Frankfurt,Salonkee,Deutschland / Frankfurt,2026-10-03,Sales,Full Time,,,,,,0,https://www.arbeitnow.com/jobs/companies/salonkee/account-executive-im-aussendienst-frankfurt-198526,2026-10-03T14:13:08Z,
arbeitnow_account-executive-im-aussendienst-hamburg-9478,Account Executive (m/w/d) im Außendienst - Hamburg,Salonkee,Deutschland / Hamburg,2026-10-03,Sales,Full Time,,,,,,0,https://www.arbeitnow.com/jobs/companies/salonkee/account-executive-im-aussendienst-hamburg-9478,2026-10-03T14:13:08Z,
arbeitnow_account-executive-im-aussendienst-heidelberg-49837,Account Executive (m/w/d) im Außendienst - Heidelberg,Salonkee,Deutschland / Heidelberg,2026-10-03,Sales,Full Time,,,,,,0,https://www.arbeitnow.com/jobs/companies/salonkee/account-executive-im-aussendienst-heidelberg-49837,2026-10-03T14:13:08Z,
arbeitnow_account-executive-im-aussendienst-koln-478648,Account Executive (m/w/d) im Außendienst - Köln,Salonkee,Deutschland / Köln,2026-10-03,Sales,Full Time,,,,,,0,https://www.arbeitnow.com/jobs/companies/salonkee/account-executive-im-aussendienst-koln-478648,2026-10-03T14:13:08Z,
arbeitnow_account-executive-im-aussendienst-mannheim-407972,Account Executive (m/w/d) im Außendienst - Mannheim,Salonkee,Deutschland / Mannheim,2026-10-03,Sales,Full Time,,,,,,0,https://www.arbeitnow.com/jobs/companies/salonkee/account-executive-im-aussendienst-mannheim-407972,2026-10-03T14:13:08Z,
arbeitnow_account-executive-im-aussendienst-munchen-munich-305407,Account Executive (m/w/d) im Außendienst - München,Salonkee,Deutschland / München,2026-10-03,Sales,Full Time,,,,,,0,https://www.arbeitnow.com/jobs/companies/salonkee/account-executive-im-aussendienst-munchen-munich-305407,2026-10-03T14:13:08Z,
arbeitnow_account-executive-im-aussendienst-new-markets-bremen-243623,Account Executive (m/w/d) im Außendienst (new markets) - Bremen,Salonkee,Deutschland / Bremen,2026-10-03,Sales,Full Time,,,,,,0,https://www.arbeitnow.com/jobs/companies/salonkee/account-executive-im-aussendienst-new-markets-bremen-243623,2026-10-03T14:13:08Z,
arbeitnow_account-executive-im-aussendienst-nurnberg-459926,Account Executive (m/w/d) im Außendienst - Nürnberg,Salonkee,Deutschland / Nürnberg,2026-10-03,Sales,Full Time,,,,,,0,https://www.arbeitnow.com/jobs/companies/salonkee/account-executive-im-aussendienst-nurnberg-459926,2026-10-03T14:13:08Z,
arbeitnow_account-executive-im-aussendienst-regensburg-369144,Account Executive (m/w/d) im Außendienst - Regensburg,Salonkee,Deutschland / Regensburg,2026-10-03,Sales,Full Time,,,,,,0,https://www.arbeitnow.com/jobs/companies/salonkee/account-executive-im-aussendienst-regensburg-369144,2026-10-03T14:13:08Z,
arbeitnow_account-executive-im-aussendienst-stuttgart-167109,Account Executive (m/w/d) im Außendienst - Stuttgart,Salonkee,Deutschland / Stuttgart,2026-10-03,Sales,Full Time,,,,,,0,https://www.arbeitnow.com/jobs/companies/salonkee/account-executive-im-aussendienst-stuttgart-167109,2026-10-03T14:13:08Z,
arbeitnow_account-manager-paris-14246,Account Manager,TransPerfect,"Paris, Île-de-France, France",2026-10-03,Sales,"Entry, fulltime permanent",,,,,,0,https://www.arbeitnow.fr/jobs/companies/transperfect/account-manager-paris-14246,2026-10-03T14:13:08Z,
arbeitnow_account-manager-paris-245272,Account Manager,TransPerfect,"Paris, Île-de-France, France",2026-10-03,Sales,"Entry, fulltime permanent",,,,,,0,https://www.arbeitnow.fr/jobs/companies/transperfect/account-manager-paris-245272,2026-10-03T14:13:08Z,
arbeitnow_account-manager-paris-87122,Account Manager,TransPerfect,"Paris, Île-de-France, France",2026-10-03,Sales,"Entry, fulltime permanent",,,,,,0,https://www.arbeitnow.fr/jobs/companies/transperfect/account-manager-paris-87122,2026-10-03T14:13:08Z,
arbeitnow_accounting-success-manager-uk-london-78457,Accounting Success Manager - UK,Rillet,London,2026-10-03,Customer Experience,Full Time,,,,,,0,https://www.arbeitnow.co.uk/jobs/companies/rillet/accounting-success-manager-uk-london-78457,2026-10-03T14:13:08Z,
arbeitnow_agentic-software-engineer-bochum-24289,Agentic Software Engineer (f/m/d),Sonarsource,Bochum,2026-10-03,Platform,Employee / Full-Time,,,,,,0,https://www.arbeitnow.com/jobs/companies/sonarsource/agentic-software-engineer-bochum-24289,2026-10-03T14:13:08Z,
arbeitnow_ai-automation-engineer-berlin-9153,AI & Automation Engineer (m/w/d),Yoursquares,Berlin,2026-10-03,,"Experienced, Permanent, Full time",,Python,,,,1,https://www.arbeitnow.com/jobs/companies/yoursquares/ai-automation-engineer-berlin-9153,2026-10-03T14:13:08Z,
arbeitnow_ai-client-executive-munich-46761,AI Client Executive,Supermodular.ai,Munich,2026-10-03,supermodular,Full Time,,,,,,0,https://www.arbeitnow.com/jobs/companies/supermodularai/ai-client-executive-munich-46761,2026-10-03T14:13:08Z,
arbeitnow_ai-creative-strategist-berlin-174211,AI Creative Strategist (m/w/d),Yoursquares,Berlin,2026-10-03,"AI-Native Creative, Content Marketing, Performance Creative, Social Media Ads, Meta & Google Ads, Content-Automatisierung, PropTech, A/B-Testing, Brand Consistency, Senior / Berlin","Experienced, Permanent, Full time",,,,,,0,https://www.arbeitnow.com/jobs/companies/yoursquares/ai-creative-strategist-berlin-174211,2026-10-03T14:13:08Z,
arbeitnow_ai-erp-implementations-lead-hybrid-london-17317,"AI ERP Implementations Lead (Hybrid, London)",Dualentry,"London, UK (Hybrid)",2026-10-03,Customer Experience,Full Time,,Python,,,,1,https://www.arbeitnow.co.uk/jobs/companies/dualentry/ai-erp-implementations-lead-hybrid-london-17317,2026-10-03T14:13:08Z,
arbeitnow_ai-search-manager-hamburg-126972,AI Search Manager (m/w/d),SCAILE TECHNOLOGIES GmbH,Hamburg,2026-10-03,"Management, Team Leader",teamleitung,,"SQL, Python",,,,1,https://www.arbeitnow.com/jobs/companies/scaile-technologies-gmbh/ai-search-manager-hamburg-126972,2026-10-03T14:13:08Z,
arbeitnow_alternance-conseiller-de-vente-h-f-aix-en-provence-472991,Alternance - Conseiller de Vente (H/F) - Aix-en-Provence,Sezane 3,"Aix-en-Provence, France",2026-10-03,"Sales, Apparel & Fashion, Retail","Contract, entry",,,,,,0,https://www.arbeitnow.fr/jobs/companies/sezane-3/alternance-conseiller-de-vente-h-f-aix-en-provence-472991,2026-10-03T14:13:08Z,
arbeitnow_application-security-engineer-london-328349,Application Security Engineer,Legal Counsel - 12 month FTC at Rightmove Greenhouse,London,2026-10-03,Security Operations,,,Python,,,,1,https://www.arbeitnow.co.uk/jobs/companies/legal-counsel-12-month-ftc-at-rightmove-greenhouse/application-security-engineer-london-328349,2026-10-03T14:13:08Z,
arbeitnow_area-director-north-fieldbased-333049,Area Director - North,Legal Counsel - 12 month FTC at Rightmove Greenhouse,Fieldbased,2026-10-03,Area Directors,,,Excel,,,,1,https://www.arbeitnow.co.uk/jobs/companies/legal-counsel-12-month-ftc-at-rightmove-greenhouse/area-director-north-fieldbased-333049,2026-10-03T14:13:08Z,
arbeitnow_art-director-100-a-steinhausen-135768,Art Director 100% (a),Brandleadership,Steinhausen,2026-10-03,,"Experienced, Permanent, Full time",,,,,,0,https://www.arbeitnow.ch/jobs/companies/brandleadership/art-director-100-a-steinhausen-135768,2026-10-03T14:13:08Z,
arbeitnow_art-director-100-a-steinhausen-443240,Art Director 100% (a),Brandleadership,Steinhausen,2026-10-03,,"Experienced, Permanent, Full time",,,,,,0,https://www.arbeitnow.ch/jobs/companies/brandleadership/art-director-100-a-steinhausen-443240,2026-10-03T14:13:08Z,
arbeitnow_art-director-koln-dresden-48970,Art Director (m/w/d) - Köln,Zebragroup,Dresden,2026-10-03,,"Experienced, Permanent, Full time",,,,,,0,https://www.arbeitnow.com/jobs/companies/zebragroup/art-director-koln-dresden-48970,2026-10-03T14:13:08Z,
arbeitnow_associate-account-executive-high-growth-financial-services-london-greater-london-451375,"Associate Account Executive, High Growth (Financial Services)",Alphasense,"London, Greater London",2026-10-03,Financial Services Sales,,,,,,,0,https://www.arbeitnow.co.uk/jobs/companies/alphasense/associate-account-executive-high-growth-financial-services-london-greater-london-451375,2026-10-03T14:13:08Z,
arbeitnow_associate-client-service-graduates-2026-manchester-324136,"Associate, Client Service (Graduates 2026)",Guidepoint,Manchester,2026-10-03,Client Service,,,,,,,0,https://www.arbeitnow.co.uk/jobs/companies/guidepoint/associate-client-service-graduates-2026-manchester-324136,2026-10-03T14:13:08Z,
arbeitnow_b2b-business-development-crm-und-beratung-remote-freelancer-berlin-347376,"B2B Business Development, CRM und Beratung. Remote / Freelancer",DataSmart Point GmbH,"Berlin, Remote",2026-10-03,"Remote, Management, Team Leader",Freelance,,,,,,1,https://www.arbeitnow.com/jobs/companies/datasmart-point-gmbh/b2b-business-development-crm-und-beratung-remote-freelancer-berlin-347376,2026-10-03T14:13:08Z,
arbeitnow_bid-lead-london-411330,Bid Lead,Accurx,London (Shoreditch),2026-10-03,Go-To-Market,Full Time,,,,,,0,https://www.arbeitnow.co.uk/jobs/companies/accurx/bid-lead-london-411330,2026-10-03T14:13:08Z,
arbeitnow_brand-designer-paris-france-178035,Brand Designer,Blablacar,"Paris, France",2026-10-03,Brand Design,Permanent,,,,,,0,https://www.arbeitnow.fr/jobs/companies/blablacar/brand-designer-paris-france-178035,2026-10-03T14:13:08Z,
arbeitnow_brand-manager-zurich-196111,Brand Manager,Flink,Zürich,2026-10-03,Sales & Operations,Full Time,,,,,,0,https://www.arbeitnow.ch/jobs/companies/flink/brand-manager-zurich-196111,2026-10-03T14:13:08Z,
arbeitnow_business-data-analyst-finance-requirements-management-berlin-boppstr-291096,Business Data Analyst Finance & Requirements Management (m/w/d),Aer Group,Berlin Boppstr.,2026-10-03,"datenstrukturen, business analysis, Requirements Management","Experienced, Permanent, Part time",,"SQL, Python",,,,1,https://www.arbeitnow.com/jobs/companies/aer-group/business-data-analyst-finance-requirements-management-berlin-boppstr-291096,2026-10-03T14:13:08Z,
arbeitnow_centre-of-excellence-senior-engineer-76190,Centre of Excellence Senior Engineer,Nscaleoperationsukltd,,2026-10-03,AI Infra Operations,,,,,,,0,https://www.arbeitnow.co.uk/jobs/companies/nscaleoperationsukltd/centre-of-excellence-senior-engineer-76190,2026-10-03T14:13:08Z,
arbeitnow_chief-compliance-officer-uk-london-90466,"Chief Compliance Officer, UK",Robinhood,London,2026-10-03,International G and A,,,,,,,0,https://www.arbeitnow.co.uk/jobs/companies/robinhood/chief-compliance-officer-uk-london-90466,2026-10-03T14:13:08Z,
arbeitnow_chief-of-staff-grossraum-munster-48276,Chief of Staff (m/w/d),AEM Unternehmerkapital GmbH,Großraum Münster,2026-10-03,"Unternehmensberatung, Private Equity, Strategieberatung, Digitale Transformation, Unternehmensentwicklung, Strategie","Experienced, Permanent, Full time",,,,,,0,https://www.arbeitnow.com/jobs/companies/aem-unternehmerkapital-gmbh/chief-of-staff-grossraum-munster-48276,2026-10-03T14:13:08Z,
arbeitnow_chief-of-staff-munich-318248,Chief of Staff,Zeit Ai,Munich,2026-10-03,Operations,Full Time,,Excel,,,,1,https://www.arbeitnow.com/jobs/companies/zeit-ai/chief-of-staff-munich-318248,2026-10-03T14:13:08Z,
arbeitnow_chief-of-staff-zurich-124295,Chief of Staff,Jua,Zürich Office,2026-10-03,Office of the CEO,Full Time,,,,,,0,https://www.arbeitnow.ch/jobs/companies/jua/chief-of-staff-zurich-124295,2026-10-03T14:13:08Z,
arbeitnow_cloud-infrastructure-engineer-digital-assets-london-211514,Cloud Infrastructure Engineer - Digital Assets,Optiverus,London,2026-10-03,Infrastructure,,,Python,,,,1,https://www.arbeitnow.co.uk/jobs/companies/optiverus/cloud-infrastructure-engineer-digital-assets-london-211514,2026-10-03T14:13:08Z,
arbeitnow_cloud-platform-engineer-hannover-38850,Cloud Platform Engineer (m/w/d),IP Dynamics GmbH,Hannover,2026-10-03,,"Experienced, Permanent, Full time",,,,,,0,https://www.arbeitnow.com/jobs/companies/ip-dynamics-gmbh/cloud-platform-engineer-hannover-38850,2026-10-03T14:13:08Z,
arbeitnow_cloud-platform-engineer-stuttgart-89450,Cloud Platform Engineer (m/w/d),IP Dynamics GmbH,Stuttgart,2026-10-03,,"Experienced, Permanent, Full time",,,,,,0,https://www.arbeitnow.com/jobs/companies/ip-dynamics-gmbh/cloud-platform-engineer-stuttgart-89450,2026-10-03T14:13:08Z,
arbeitnow_commercial-account-executive-berlin-berlin-128662,Commercial Account Executive,Catonetworks,"Berlin, Berlin",2026-10-03,Commercial Account Executive - EMEA,,,,,,,0,https://www.arbeitnow.com/jobs/companies/catonetworks/commercial-account-executive-berlin-berlin-128662,2026-10-03T14:13:08Z,
arbeitnow_conseiller-de-vente-h-f-35h-cdd-aix-en-provence-427155,Conseiller de Vente (H/F) - 35H CDD - Aix-en-Provence,Sezane 3,"Aix-en-Provence, France",2026-10-03,"Sales, Apparel & Fashion, Retail","Contract, entry",,,,,,0,https://www.arbeitnow.fr/jobs/companies/sezane-3/conseiller-de-vente-h-f-35h-cdd-aix-en-provence-427155,2026-10-03T14:13:08Z,
arbeitnow_controls-product-senior-manager-184325,Controls Product Senior Manager,Monzo,,2026-10-03,Operations,,,"SQL, Python",,,,1,https://www.arbeitnow.co.uk/jobs/companies/monzo/controls-product-senior-manager-184325,2026-10-03T14:13:08Z,
arbeitnow_customer-success-lead-hybrid-london-119705,"Customer Success Lead (Hybrid, London)",Dualentry,"London, UK (Hybrid)",2026-10-03,Customer Experience,Full Time,,"SQL, Python, Excel",,,,1,https://www.arbeitnow.co.uk/jobs/companies/dualentry/customer-success-lead-hybrid-london-119705,2026-10-03T14:13:08Z,
arbeitnow_customer-support-specialist-paris-75958,Customer Support Specialist,Owkin,Paris,2026-10-03,R&TECH,Full Time,,SQL,,,,1,https://www.arbeitnow.fr/jobs/companies/owkin/customer-support-specialist-paris-75958,2026-10-03T14:13:08Z,
arbeitnow_data-collection-engineer-adas-munchen-137171,Data Collection Engineer ADAS (m/w/d),Ceis Gmbh,München,2026-10-03,"Engineering, Ingenieur, Ingenieurwesen, Engineer, ADAS, Elektronik, Elektrotechnik","Experienced, Permanent, Full time",,,,,,0,https://www.arbeitnow.com/jobs/companies/ceis-gmbh/data-collection-engineer-adas-munchen-137171,2026-10-03T14:13:08Z,
arbeitnow_data-engineer-germany-munich-98908,Data Engineer,Bookboost,Germany - Munich,2026-10-03,"Germany, Data Engineer, SaaS, Hosp Tech","Experienced, Permanent, Full time",,,,,,1,https://www.arbeitnow.com/jobs/companies/bookboost/data-engineer-germany-munich-98908,2026-10-03T14:13:08Z,
arbeitnow_data-scientist-electromagnetic-environment-london-314097,Data Scientist (Electromagnetic Environment),84674Th44Metrea9999,London,2026-10-03,Decision Science Lab,,,Python,,,,1,https://www.arbeitnow.co.uk/jobs/companies/84674th44metrea9999/data-scientist-electromagnetic-environment-london-314097,2026-10-03T14:13:08Z,
arbeitnow_data-selection-and-quality-evaluation-for-biological-foundation-models-berlin-ca-or-zurich-switzerland-43537,Data selection and quality evaluation for biological foundation models,Inceptive,"Berlin, CA or Zurich, Switzerland",2026-10-03,Development,,,Python,,,,1,https://www.arbeitnow.com/jobs/companies/inceptive/data-selection-and-quality-evaluation-for-biological-foundation-models-berlin-ca-or-zurich-switzerland-43537,2026-10-03T14:13:08Z,
arbeitnow_de-account-executive-im-aussendienst-new-markets-hannover-468007,DE - Account Executive (m/w/d) im Außendienst (new markets) - Hannover,Salonkee,Deutschland / Hannover,2026-10-03,Sales,Full Time,,,,,,0,https://www.arbeitnow.com/jobs/companies/salonkee/de-account-executive-im-aussendienst-new-markets-hannover-468007,2026-10-03T14:13:08Z,
arbeitnow_designer-art-director-healthcare-berlin-dusseldorf-frankfurt-hamburg-491566,Designer/ Art Director Healthcare (m/w/d),Ogilvy,Berlin; Düsseldorf; Frankfurt; Hamburg,2026-10-03,Healthcare,,,,,,,0,https://www.arbeitnow.com/jobs/companies/ogilvy/designer-art-director-healthcare-berlin-dusseldorf-frankfurt-hamburg-491566,2026-10-03T14:13:08Z,
arbeitnow_director-business-development-munich-berlin-frankfurt-hamburg-munich-163463,"Director, Business Development (Munich, Berlin, Frankfurt, Hamburg)",TransPerfect,"Munich , Bayern, Germany",2026-10-03,Sales,"Experienced, fulltime permanent",,,,,,0,https://www.arbeitnow.com/jobs/companies/transperfect/director-business-development-munich-berlin-frankfurt-hamburg-munich-163463,2026-10-03T14:13:08Z,
arbeitnow_director-of-communications-international-shows-touring-resident-london-497751,Director of Communications – International Shows (Touring & Resident),Cirque du Soleil Entertainment Group,London,2026-10-03,"Sales, Marketing and Communications",Permanent/Full-Time,,,,,,1,https://www.arbeitnow.co.uk/jobs/companies/cirque-du-soleil-entertainment-group/director-of-communications-international-shows-touring-resident-london-497751,2026-10-03T14:13:08Z,
arbeitnow_director-product-mannheim-buro-173067,Director Product (m/w/d),Snocks GmbH,Mannheim Büro,2026-10-03,"Product Development, Supply Chain, Sourcing, Demand Planning, Strategy","Experienced, Permanent, Full time",,,,,,0,https://www.arbeitnow.com/jobs/companies/snocks-gmbh/director-product-mannheim-buro-173067,2026-10-03T14:13:08Z,
arbeitnow_director-quality-release-engineering-london-65228,"Director, Quality & Release Engineering",Kaluza,London,2026-10-03,Engineering,,,,,,,0,https://www.arbeitnow.co.uk/jobs/companies/kaluza/director-quality-release-engineering-london-65228,2026-10-03T14:13:08Z,
arbeitnow_director-sales-emea-luma-249914,"Director, Sales - EMEA | Luma",Dotmatics,,2026-10-03,Field Sales,,,"Excel, Snowflake",,,,1,https://www.arbeitnow.co.uk/jobs/companies/dotmatics/director-sales-emea-luma-249914,2026-10-03T14:13:08Z,
arbeitnow_director-systems-software-oxford-5259,"Director, Systems Software",ionq,Oxford,2026-10-03,Compute - Engineering,,,Python,,,,1,https://www.arbeitnow.co.uk/jobs/companies/ionq/director-systems-software-oxford-5259,2026-10-03T14:13:08Z,
arbeitnow_duales-studium-bachelor-of-science-wirtschaftsinformatik-software-engineering-heidelberg-156665,Duales Studium: Bachelor of Science (m/w/d) Wirtschaftsinformatik Software Engineering,cbs Corporate Business Solutions GmbH,"Heidelberg, Baden-Württemberg, Deutschland",2026-10-03,SLT-PE,"Mid, fulltime permanent",,,,,,0,https://www.arbeitnow.com/jobs/companies/cbs-corporate-business-solutions-gmbh/duales-studium-bachelor-of-science-wirtschaftsinformatik-software-engineering-heidelberg-156665,2026-10-03T14:13:08Z,
arbeitnow_dutch-speaking-support-specialist-berlin-172645,Dutch speaking Support Specialist,Lightspeedhq,Berlin,2026-10-03,Customers,Full Time,,,,,,0,https://www.arbeitnow.com/jobs/companies/lightspeedhq/dutch-speaking-support-specialist-berlin-172645,2026-10-03T14:13:08Z,
arbeitnow_electric-propulsion-test-engineer-reading-119954,Electric Propulsion Test Engineer,Neworbit,"Reading, UK",2026-10-03,Propulsion,Full Time,,Python,,,,1,https://www.arbeitnow.co.uk/jobs/companies/neworbit/electric-propulsion-test-engineer-reading-119954,2026-10-03T14:13:08Z,
arbeitnow_engineering-manager-munchen-473044,Engineering Manager (m/w/d),Xempus AG,München,2026-10-03,"Tech Lead, Engineering Lead, Java, Leitung Engineering, Tech People Lead, Softwareengineering, Technical Manager, Technologieentwicklung","Experienced, Permanent, Full time",,,,,,0,https://www.arbeitnow.com/jobs/companies/xempus-ag/engineering-manager-munchen-473044,2026-10-03T14:13:08Z,
arbeitnow_english-language-instructor-paris-297165,English Language Instructor,TransPerfect,"Paris, Île-de-France, France",2026-10-03,,"Experienced, temporary",,,,,,0,https://www.arbeitnow.fr/jobs/companies/transperfect/english-language-instructor-paris-297165,2026-10-03T14:13:08Z,
arbeitnow_enterprise-account-director-new-business-london-409188,Enterprise Account Director (New Business),Vonage,London,2026-10-03,Direct Sales,,,,,,,0,https://www.arbeitnow.co.uk/jobs/companies/vonage/enterprise-account-director-new-business-london-409188,2026-10-03T14:13:08Z,
arbeitnow_enterprise-account-executive-dutch-speaking-london-440851,Enterprise Account Executive - Dutch Speaking,Algolia,London,2026-10-03,Direct Sales,,,,,,,1,https://www.arbeitnow.co.uk/jobs/companies/algolia/enterprise-account-executive-dutch-speaking-london-440851,2026-10-03T14:13:08Z,
arbeitnow_enterprise-account-executive-germany-berlin-437317,Enterprise Account Executive - Germany (m/f/d),Qorelo,Berlin,2026-10-03,Sales,Full Time,,,,,,0,https://www.arbeitnow.com/jobs/companies/qorelo/enterprise-account-executive-germany-berlin-437317,2026-10-03T14:13:08Z,
arbeitnow_enterprise-sales-executive-paris-234636,Enterprise Sales Executive,Illumio,France,2026-10-03,Sales,Full Time,,,,,,0,https://www.arbeitnow.fr/jobs/companies/illumio/enterprise-sales-executive-paris-234636,2026-10-03T14:13:08Z,
arbeitnow_finance-director-london-400400,Finance Director,Zilch,Zilch UK,2026-10-03,Finance,Full Time,,,,,,0,https://www.arbeitnow.co.uk/jobs/companies/zilch/finance-director-london-400400,2026-10-03T14:13:08Z,
arbeitnow_finance-director-microsoft-dynamics-specialist-mainz-29808,Finance Director & Microsoft Dynamics Specialist (m/w/d),Aitastic,Mainz,2026-10-03,"Finance, Buchhaltung, Microsoft Dynamics, Finance Specialist, Teamlead, Finanzbuchhaltung, Controlling, Rechnungswesen, Finanzen","Experienced, Permanent, Full time",,,,,,0,https://www.arbeitnow.com/jobs/companies/aitastic/finance-director-microsoft-dynamics-specialist-mainz-29808,2026-10-03T14:13:08Z,
arbeitnow_finance-intern-ai-x-greentech-berlin-305222,Finance Intern - (AI x Greentech) (m/f/d),Reonic,Berlin,2026-10-03,Operations,Full Time,,,,,,0,https://www.arbeitnow.com/jobs/companies/reonic/finance-intern-ai-x-greentech-berlin-305222,2026-10-03T14:13:08Z,
arbeitnow_forward-deployed-engineer-london-171712,Forward Deployed Engineer,Flow Engineering,London,2026-10-03,Engineering,Full Time,,,,,,0,https://www.arbeitnow.co.uk/jobs/companies/flow-engineering/forward-deployed-engineer-london-171712,2026-10-03T14:13:08Z,
arbeitnow_forward-deployed-engineer-munich-488819,Forward Deployed Engineer,Tacto,Munich,2026-10-03,Customer Experience (CX),Full Time,,"SQL, Python, Excel",,,,1,https://www.arbeitnow.com/jobs/companies/tacto/forward-deployed-engineer-munich-488819,2026-10-03T14:13:08Z,
arbeitnow_founding-deployment-strategist-london-24693,Founding Deployment Strategist,ClaimSorted,London,2026-10-03,Engineering,Full Time,,,,,,0,https://www.arbeitnow.co.uk/jobs/companies/claimsorted/founding-deployment-strategist-london-24693,2026-10-03T14:13:08Z,
arbeitnow_founding-people-talent-partner-zurich-247195,Founding People & Talent Partner,Laelaps,"Zürich, Switzerland",2026-10-03,G&A,Full Time,,,,,,0,https://www.arbeitnow.ch/jobs/companies/laelaps/founding-people-talent-partner-zurich-247195,2026-10-03T14:13:08Z,
arbeitnow_founding-product-engineer-london-411131,Founding Product Engineer,Pharmlogic,London HQ,2026-10-03,Engineering,Full Time,,,,,,0,https://www.arbeitnow.co.uk/jobs/companies/pharmlogic/founding-product-engineer-london-411131,2026-10-03T14:13:08Z,
arbeitnow_founding-talent-partner-london-19092,Founding Talent Partner,ClaimSorted,London,2026-10-03,Talent,Full Time,,,,,,0,https://www.arbeitnow.co.uk/jobs/companies/claimsorted/founding-talent-partner-london-19092,2026-10-03T14:13:08Z,
arbeitnow_full-stack-developer-germany-munich-434686,Full Stack Developer,Bookboost,Germany - Munich,2026-10-03,"SaaS, Hospitlaity tech, developer, engineer, full stack","Experienced, Permanent, Full time",,,,,,0,https://www.arbeitnow.com/jobs/companies/bookboost/full-stack-developer-germany-munich-434686,2026-10-03T14:13:08Z,
arbeitnow_full-stack-software-engineer-munich-hybrid-245781,Full-Stack Software Engineer (m/f/d),TWAICE,"Munich, Hybrid",2026-10-03,"Battery, Energy, SaaS, Backend, Frontend, Startup, Tech, AWS, Batteries, Software Development, BESS, Green Energy, Energy Transition","Experienced, Permanent, Full time",,Python,,,,1,https://www.arbeitnow.com/jobs/companies/twaice/full-stack-software-engineer-munich-hybrid-245781,2026-10-03T14:13:08Z,
arbeitnow_gestionnaire-financier-et-budgetaire-en-charge-des-recettes-palaiseau-433117,"Gestionnaire financier et budgétaire, en charge des recettes",ECOLE NATIONALE SUPERIEURE DE TECHNIQUES AVANCEES,"Palaiseau, Île-de-France, France",2026-10-03,DAF,"Mid, fulltime fixed term",,,,,,0,https://www.arbeitnow.fr/jobs/companies/ecole-nationale-superieure-de-techniques-avancees/gestionnaire-financier-et-budgetaire-en-charge-des-recettes-palaiseau-433117,2026-10-03T14:13:08Z,
arbeitnow_global-programme-director-london-250079,Global Programme Director,OLIVER Agency,"London, England, United Kingdom",2026-10-03,,,,,,,,0,https://www.arbeitnow.co.uk/jobs/companies/oliver-agency/global-programme-director-london-250079,2026-10-03T14:13:08Z,
arbeitnow_global-research-program-manager-london-119104,Global Research Program Manager,Basecamp Research,London,2026-10-03,Global Research,Full Time,,,,,,0,https://www.arbeitnow.co.uk/jobs/companies/basecamp-research/global-research-program-manager-london-119104,2026-10-03T14:13:08Z,
arbeitnow_government-affairs-public-policy-manager-emea-oxford-105425,"Government Affairs & Public Policy Manager, EMEA",ionq,Oxford,2026-10-03,Government Affairs,,,,,,,0,https://www.arbeitnow.co.uk/jobs/companies/ionq/government-affairs-public-policy-manager-emea-oxford-105425,2026-10-03T14:13:08Z,
arbeitnow_governmental-public-affairs-internship-working-student-berlin-94185,Governmental & Public Affairs Internship/Working Student -  (f/m/d),TYTAN Technologies GmbH,"Berlin, Berlin, Germany",2026-10-03,Commercial and Sales,"Student college, parttime fixed term",,,,,,0,https://www.arbeitnow.com/jobs/companies/tytan-technologies-gmbh/governmental-public-affairs-internship-working-student-berlin-94185,2026-10-03T14:13:08Z,
arbeitnow_graduate-customer-intelligence-executive-french-speaking-london-435581,Graduate Customer Intelligence Executive - French Speaking,Fosphamarketing,London,2026-10-03,Early Careers,,,Excel,,,,1,https://www.arbeitnow.co.uk/jobs/companies/fosphamarketing/graduate-customer-intelligence-executive-french-speaking-london-435581,2026-10-03T14:13:08Z,
arbeitnow_graphic-designer-100-a-steinhausen-223954,Graphic Designer 100% (a),Brandleadership,Steinhausen,2026-10-03,,"Experienced, Permanent, Full time",,,,,,0,https://www.arbeitnow.ch/jobs/companies/brandleadership/graphic-designer-100-a-steinhausen-223954,2026-10-03T14:13:08Z,
arbeitnow_graphic-designer-100-a-steinhausen-474329,Graphic Designer 100% (a),Brandleadership,Steinhausen,2026-10-03,,"Experienced, Permanent, Full time",,,,,,0,https://www.arbeitnow.ch/jobs/companies/brandleadership/graphic-designer-100-a-steinhausen-474329,2026-10-03T14:13:08Z,
arbeitnow_growth-marketing-manager-munich-407336,Growth Marketing Manager,Zeit Ai,Munich,2026-10-03,Growth,Full Time,,Excel,,,,1,https://www.arbeitnow.com/jobs/companies/zeit-ai/growth-marketing-manager-munich-407336,2026-10-03T14:13:08Z,
arbeitnow_growth-paid-media-manager-munchen-225833,Growth & Paid Media Manager (w/m/d),FTAPI GmbH,München,2026-10-03,,"Experienced, Permanent, Full time",,,,,,0,https://www.arbeitnow.com/jobs/companies/ftapi-gmbh/growth-paid-media-manager-munchen-225833,2026-10-03T14:13:08Z,
arbeitnow_gtm-recruiter-munich-ftc-12-months-147220,"GTM Recruiter — Munich (FTC, 12 months)",Greenlight Workforce Solutions,Munich,2026-10-03,Go-to-Market (GTM),Full Time,,,,,,0,https://www.arbeitnow.com/jobs/companies/greenlight-workforce-solutions/gtm-recruiter-munich-ftc-12-months-147220,2026-10-03T14:13:08Z,
arbeitnow_gtm-recruitment-sourcer-munich-ftc-12-months-392086,"GTM Recruitment Sourcer — Munich (FTC, 12 months)",Greenlight Workforce Solutions,Munich,2026-10-03,Go-to-Market (GTM),Full Time,,,,,,0,https://www.arbeitnow.com/jobs/companies/greenlight-workforce-solutions/gtm-recruitment-sourcer-munich-ftc-12-months-392086,2026-10-03T14:13:08Z,
arbeitnow_head-of-finance-12-month-ftc-london-309068,Head of Finance - 12 month FTC,Accurx,London (Shoreditch),2026-10-03,Enablers,Temporary,,,,,,0,https://www.arbeitnow.co.uk/jobs/companies/accurx/head-of-finance-12-month-ftc-london-309068,2026-10-03T14:13:08Z,
arbeitnow_head-of-manafacturing-operations-oxford-185303,Head of Manafacturing Operations,Salience Labs,"Oxford, United Kingdom",2026-10-03,Engineering,Full Time,,,,,,0,https://www.arbeitnow.co.uk/jobs/companies/salience-labs/head-of-manafacturing-operations-oxford-185303,2026-10-03T14:13:08Z,
arbeitnow_head-of-product-flex-london-208787,Head of Product (Flex),Kaluza,London,2026-10-03,Product,,,,,,,0,https://www.arbeitnow.co.uk/jobs/companies/kaluza/head-of-product-flex-london-208787,2026-10-03T14:13:08Z,
arbeitnow_head-of-supply-chain-berlin-241473,Head of Supply Chain (f/m/d) - Berlin,CYCLE,Berlin,2026-10-03,,"Experienced, Permanent, Full time",,Excel,,,,1,https://www.arbeitnow.com/jobs/companies/cycle/head-of-supply-chain-berlin-241473,2026-10-03T14:13:08Z,
arbeitnow_infra-engineer-london-110787,Infra Engineer,ClaimSorted,London,2026-10-03,Engineering,Full Time,,,,,,1,https://www.arbeitnow.co.uk/jobs/companies/claimsorted/infra-engineer-london-110787,2026-10-03T14:13:08Z,
arbeitnow_japanese-language-trainer-paris-301781,Japanese Language Trainer,TransPerfect,"Paris, Île-de-France, France",2026-10-03,,"Experienced, temporary",,,,,,0,https://www.arbeitnow.fr/jobs/companies/transperfect/japanese-language-trainer-paris-301781,2026-10-03T14:13:08Z,
arbeitnow_java-backend-developer-munchen-419988,Java Backend Developer (m/w/d),Avelion Group,München,2026-10-03,"java, java backend development, spring boot, softwareentwicklung, backend development, clean code, agile softwareentwicklung, software engineering, REST / Schnittstellenentwicklung, Informatik","Experienced, Permanent, Full time",,,,,,0,https://www.arbeitnow.com/jobs/companies/avelion-group/java-backend-developer-munchen-419988,2026-10-03T14:13:08Z,
arbeitnow_junior-ai-visual-creatorin-e-commerce-mannheim-buro-496258,(Junior) AI Visual Creator:in - E-Commerce (m/w/d),Snocks GmbH,Mannheim Büro,2026-10-03,"AI, AI Bildgenerierung, AI Image Generation, KI, KI Bildgenerierung","Experienced, Permanent, Full time",,,,,,0,https://www.arbeitnow.com/jobs/companies/snocks-gmbh/junior-ai-visual-creatorin-e-commerce-mannheim-buro-496258,2026-10-03T14:13:08Z,
arbeitnow_junior-data-engineer-hamburg-35472,Junior Data Engineer,Reeeliance,Hamburg,2026-10-03,,"Entry, Permanent, Full time",,"SQL, Python",,,,1,https://www.arbeitnow.com/jobs/companies/reeeliance/junior-data-engineer-hamburg-35472,2026-10-03T14:13:08Z,
arbeitnow_junior-full-stack-engineer-ai-security-paris-149930,Junior Full Stack Engineer | AI & Security,Escape,Paris Office,2026-10-03,Tech,Full Time,,,,,,0,https://www.arbeitnow.fr/jobs/companies/escape/junior-full-stack-engineer-ai-security-paris-149930,2026-10-03T14:13:08Z,
arbeitnow_junior-strategy-operations-outpost-london-277122,Junior Strategy & Operations - Outpost,Outpost Technologies,London,2026-10-03,Operations,Full Time,,SQL,,,,1,https://www.arbeitnow.co.uk/jobs/companies/outpost-technologies/junior-strategy-operations-outpost-london-277122,2026-10-03T14:13:08Z,
arbeitnow_key-account-manager-lead-imagerie-medicale-paris-paris-396830,Key Account Manager Lead - Imagerie Médicale (x/f/m),Doctolib,"Paris, Paris",2026-10-03,Sales,,,,,,,0,https://www.arbeitnow.fr/jobs/companies/doctolib/key-account-manager-lead-imagerie-medicale-paris-paris-396830,2026-10-03T14:13:08Z,
arbeitnow_key-account-manager-senior-lead-laboratoires-paris-paris-323405,Key Account Manager Senior / Lead - Laboratoires (x/f/m),Doctolib,"Paris, Paris",2026-10-03,Sales,,,,,,,0,https://www.arbeitnow.fr/jobs/companies/doctolib/key-account-manager-senior-lead-laboratoires-paris-paris-323405,2026-10-03T14:13:08Z,
arbeitnow_lead-security-engineer-london-496014,Lead Security Engineer,Encord,London,2026-10-03,EPD,Full Time,,,,,,1,https://www.arbeitnow.co.uk/jobs/companies/encord/lead-security-engineer-london-496014,2026-10-03T14:13:08Z,
arbeitnow_lead-software-engineer-customer-lifecycle-london-359778,Lead Software Engineer - Customer Lifecycle,Kraken,"London, UK",2026-10-03,Tech Development,Full Time,,Python,,,,1,https://www.arbeitnow.co.uk/jobs/companies/kraken/lead-software-engineer-customer-lifecycle-london-359778,2026-10-03T14:13:08Z,
arbeitnow_machine-learning-engineer-dundee-439310,Machine Learning Engineer,Optimove,Dundee,2026-10-03,R&D,,,"SQL, Python, Snowflake",,,,1,https://www.arbeitnow.co.uk/jobs/companies/optimove/machine-learning-engineer-dundee-439310,2026-10-03T14:13:08Z,
arbeitnow_machine-learning-engineer-london-299291,Machine Learning Engineer,Scarlet,London Office,2026-10-03,Applied Machine Learning,Full Time,,,,,,1,https://www.arbeitnow.co.uk/jobs/companies/scarlet/machine-learning-engineer-london-299291,2026-10-03T14:13:08Z,
arbeitnow_managing-director-north-uki-london-office-245290,Managing Director North / UKI,Aircall,London Office,2026-10-03,12006 - Sales Overhead,Permanent Full Time Employee,,,,,,0,https://www.arbeitnow.co.uk/jobs/companies/aircall/managing-director-north-uki-london-office-245290,2026-10-03T14:13:08Z,
arbeitnow_manufacturing-uav-drone-working-student-munich-397189,Manufacturing (UAV/Drone) Working Student (f/m/d),TYTAN Technologies GmbH,"Munich, Bayern, Germany",2026-10-03,Operations,"Student college, parttime permanent",,,,,,0,https://www.arbeitnow.com/jobs/companies/tytan-technologies-gmbh/manufacturing-uav-drone-working-student-munich-397189,2026-10-03T14:13:08Z,
arbeitnow_marketing-director-berlin-germany-141880,Marketing Director (m/w/d),Exolaunch,"Berlin, Germany",2026-10-03,"Global Marketing Strategy, Public Relations, Executive Communications, Social Media, Creative Storytelling, Executive Copywriting, Luxury branding, Premium product positioning, Cross-functional leadership, Aerospace, Premium enterprise, Content strategy, Press releases, GTM","Executive, Fixed term, Full time",,,,,,1,https://www.arbeitnow.com/jobs/companies/exolaunch/marketing-director-berlin-germany-141880,2026-10-03T14:13:08Z,
arbeitnow_mid-level-senior-account-manager-all-genders-berlin-182980,Mid-level/Senior Account Manager (all genders),Fraser Gmbh,Berlin,2026-10-03,,"Experienced, Permanent, Full time",,,,,,0,https://www.arbeitnow.com/jobs/companies/fraser-gmbh/mid-level-senior-account-manager-all-genders-berlin-182980,2026-10-03T14:13:08Z,
arbeitnow_mid-market-sales-account-executive-london-377248,Mid Market Sales Account Executive,Channel Sales Support Agent - Block,London,2026-10-03,20229 S&M - Sales - Commerce Enterprise and Mid,,,,,,,0,https://www.arbeitnow.co.uk/jobs/companies/channel-sales-support-agent-block/mid-market-sales-account-executive-london-377248,2026-10-03T14:13:08Z,
arbeitnow_mobile-team-tech-lead-london-contractor-127014,"Mobile Team Tech Lead, London, Contractor",ION Group,London,2026-10-03,Software Engineering,Contractor,,,,,,0,https://www.arbeitnow.co.uk/jobs/companies/ion-group/mobile-team-tech-lead-london-contractor-127014,2026-10-03T14:13:08Z,
arbeitnow_organic-growth-ai-search-content-strategy-manager-london-239271,"Organic Growth, AI Search & Content Strategy Manager",Airspeed,London,2026-10-03,Marketing,Full Time,,,,,,1,https://www.arbeitnow.co.uk/jobs/companies/airspeed/organic-growth-ai-search-content-strategy-manager-london-239271,2026-10-03T14:13:08Z,
arbeitnow_people-analytics-analyst-london-hybrid-79564,People Analytics Analyst,Clearbank,London Office - Hybrid,2026-10-03,ClearBank Group Holdings,Full Time,,Excel,,,,1,https://www.arbeitnow.co.uk/jobs/companies/clearbank/people-analytics-analyst-london-hybrid-79564,2026-10-03T14:13:08Z,
arbeitnow_people-operation-manager-munich-230810,People & Operation Manager,Zeit Ai,Munich,2026-10-03,Operations,Full Time,,Excel,,,,1,https://www.arbeitnow.com/jobs/companies/zeit-ai/people-operation-manager-munich-230810,2026-10-03T14:13:08Z,
arbeitnow_pflichtpraktikum-social-media-content-management-hamburg-74252,Pflichtpraktikum Social Media & Content Management (m/w/d),Yoshfilms,Hamburg,2026-10-03,Social Media Manager,"Internship, hilfstätigkeit / student",,,,,,0,https://www.arbeitnow.com/jobs/companies/yoshfilms/pflichtpraktikum-social-media-content-management-hamburg-74252,2026-10-03T14:13:08Z,
arbeitnow_pharmacy-partnerships-manager-london-276598,Pharmacy Partnerships Manager,Pharmlogic,London HQ,2026-10-03,Sales,Full Time,,,,,,0,https://www.arbeitnow.co.uk/jobs/companies/pharmlogic/pharmacy-partnerships-manager-london-276598,2026-10-03T14:13:08Z,
arbeitnow_platform-product-manager-sap-berlin-431272,Platform Product Manager - SAP (m/f/d),Qorelo,Berlin,2026-10-03,Product,Full Time,,,,,,0,https://www.arbeitnow.com/jobs/companies/qorelo/platform-product-manager-sap-berlin-431272,2026-10-03T14:13:08Z,
arbeitnow_pmi-founders-associate-munich-176144,PMI & Founders Associate (m/w/d),KLEEGO GmbH,Munich,2026-10-03,Business Development,,,,,,,0,https://www.arbeitnow.com/jobs/companies/kleego-gmbh/pmi-founders-associate-munich-176144,2026-10-03T14:13:08Z,
arbeitnow_praktikantinnen-und-werkstudierende-munchen-422061,PraktikantInnen und Werkstudierende (m/w/d),Avelion Group,München,2026-10-03,"Praktikum, Werkstudium, Werkstudierende, Werkstudent, Werkstudentin, Praktikant, Praktikantin, Studium","Student, Permanent, Full time",,,,,,0,https://www.arbeitnow.com/jobs/companies/avelion-group/praktikantinnen-und-werkstudierende-munchen-422061,2026-10-03T14:13:08Z,
arbeitnow_praktikum-e-commerce-munich-425330,Praktikum (m/w/d) - E-Commerce,Samedo GmbH,Munich,2026-10-03,Marketing and Communication,,,,,,,0,https://www.arbeitnow.com/jobs/companies/samedo-gmbh/praktikum-e-commerce-munich-425330,2026-10-03T14:13:08Z,
arbeitnow_praktikum-logistik-data-analytics-berlin-105972,Praktikum Logistik & Data Analytics (m/w/d),caronsale,Berlin,2026-10-03,Praktikanten/ Internships,,,"SQL, Excel",,,,1,https://www.arbeitnow.com/jobs/companies/caronsale/praktikum-logistik-data-analytics-berlin-105972,2026-10-03T14:13:08Z,
arbeitnow_praktikum-logistik-supply-chain-strategie-berlin-253728,Praktikum Logistik & Supply Chain Strategie (m/w/d),caronsale,Berlin,2026-10-03,Praktikanten/ Internships,,,"SQL, Excel",,,,1,https://www.arbeitnow.com/jobs/companies/caronsale/praktikum-logistik-supply-chain-strategie-berlin-253728,2026-10-03T14:13:08Z,
arbeitnow_principal-ai-engineer-industrial-ai-engineering-munchen-81671-453769,Principal AI Engineer (m/f/x) - Industrial AI Engineering,Appliedai,München (81671),2026-10-03,,"Experienced, Permanent, Full time",,,,,,0,https://www.arbeitnow.com/jobs/companies/appliedai/principal-ai-engineer-industrial-ai-engineering-munchen-81671-453769,2026-10-03T14:13:08Z,
arbeitnow_principal-data-scientist-london-148402,Principal Data Scientist,Comind,"London, UK",2026-10-03,R&D,Full Time,,,,,,1,https://www.arbeitnow.co.uk/jobs/companies/comind/principal-data-scientist-london-148402,2026-10-03T14:13:08Z,
arbeitnow_principal-engineer-backend-london-132133,Principal Engineer - Backend,Encord,London,2026-10-03,EPD,Full Time,,Python,,,,1,https://www.arbeitnow.co.uk/jobs/companies/encord/principal-engineer-backend-london-132133,2026-10-03T14:13:08Z,
arbeitnow_principal-engineer-bristol-edinburgh-london-430034,Principal Engineer,Kaluza,Bristol; Edinburgh; London,2026-10-03,Engineering,,,,,,,0,https://www.arbeitnow.co.uk/jobs/companies/kaluza/principal-engineer-bristol-edinburgh-london-430034,2026-10-03T14:13:08Z,
arbeitnow_principal-product-manager-ai-product-6969,Principal Product Manager (AI Product) (f/m/d),thinkcellsoftware,,2026-10-03,Product,,,,,,,0,https://www.arbeitnow.com/jobs/companies/thinkcellsoftware/principal-product-manager-ai-product-6969,2026-10-03T14:13:08Z,
arbeitnow_principal-ux-designer-ai-design-munchen-81671-213525,Principal UX Designer (m/f/x) – AI Design,Appliedai,München (81671),2026-10-03,,"Experienced, Permanent, Full time",,,,,,0,https://www.arbeitnow.com/jobs/companies/appliedai/principal-ux-designer-ai-design-munchen-81671-213525,2026-10-03T14:13:08Z,
arbeitnow_product-analytics-manager-london-442829,Product Analytics Manager,Zilch,Zilch UK,2026-10-03,Data,Full Time,,"SQL, Snowflake, dbt",,,,1,https://www.arbeitnow.co.uk/jobs/companies/zilch/product-analytics-manager-london-442829,2026-10-03T14:13:08Z,
arbeitnow_product-designer-munchen-422369,Product Designer (m/w/d),Lpe Immobilien Management Gmbh,München,2026-10-03,,"Experienced, Permanent, Full time",,,,,,0,https://www.arbeitnow.com/jobs/companies/lpe-immobilien-management-gmbh/product-designer-munchen-422369,2026-10-03T14:13:08Z,
arbeitnow_product-engineer-ai-london-278115,Product Engineer // AI,ClaimSorted,London,2026-10-03,Engineering,Full Time,,,,,,0,https://www.arbeitnow.co.uk/jobs/companies/claimsorted/product-engineer-ai-london-278115,2026-10-03T14:13:08Z,
arbeitnow_product-engineer-munchen-363886,Product Engineer (m/w/d),Lpe Immobilien Management Gmbh,München,2026-10-03,,"Experienced, Permanent, Full time",,SQL,,,,1,https://www.arbeitnow.com/jobs/companies/lpe-immobilien-management-gmbh/product-engineer-munchen-363886,2026-10-03T14:13:08Z,
arbeitnow_product-manager-android-integration-ecosystem-munich-office-6532,Product Manager – Android Integration & Ecosystem,Proglove,Munich Office,2026-10-03,,"Experienced, Permanent, Full time",,,,,,0,https://www.arbeitnow.com/jobs/companies/proglove/product-manager-android-integration-ecosystem-munich-office-6532,2026-10-03T14:13:08Z,
arbeitnow_product-manager-energy-billing-fluent-french-english-london-210553,Product Manager - Energy Billing (Fluent French & English),Kaluza,London,2026-10-03,Product,,,SQL,,,,1,https://www.arbeitnow.co.uk/jobs/companies/kaluza/product-manager-energy-billing-fluent-french-english-london-210553,2026-10-03T14:13:08Z,
arbeitnow_product-manager-exotube-berlin-germany-328690,Product Manager - EXOtube,Exolaunch,"Berlin, Germany",2026-10-03,,"Experienced, Permanent, Full time",,,,,,0,https://www.arbeitnow.com/jobs/companies/exolaunch/product-manager-exotube-berlin-germany-328690,2026-10-03T14:13:08Z,
arbeitnow_product-manager-identity-mid-london-hybrid-480589,"Product Manager, Identity (Mid)",MoonPay,London - Hybrid,2026-10-03,Product,Full Time,,,,,,0,https://www.arbeitnow.co.uk/jobs/companies/moonpay/product-manager-identity-mid-london-hybrid-480589,2026-10-03T14:13:08Z,
arbeitnow_product-manager-munchen-253071,Product Manager (f/m/d),Quantum Diamond,München,2026-10-03,,"Experienced, Permanent, Full time",,,,,,0,https://www.arbeitnow.com/jobs/companies/quantum-diamond/product-manager-munchen-253071,2026-10-03T14:13:08Z,
arbeitnow_product-manager-qa-release-coordination-ai-x-greentech-augsburg-23580,Product Manager - QA & Release Coordination (AI x Greentech) (m/f/d),Reonic,Augsburg,2026-10-03,Engineering,Full Time,,,,,,0,https://www.arbeitnow.com/jobs/companies/reonic/product-manager-qa-release-coordination-ai-x-greentech-augsburg-23580,2026-10-03T14:13:08Z,
arbeitnow_product-manager-safety-compliance-london-53816,"Product Manager, Safety & Compliance",Creatoriq,London,2026-10-03,Product,Full Time,,,,,,0,https://www.arbeitnow.co.uk/jobs/companies/creatoriq/product-manager-safety-compliance-london-53816,2026-10-03T14:13:08Z,
arbeitnow_product-manager-ux-ui-focus-ai-x-greentech-augsburg-88103,Product Manager - UX/UI Focus (AI x Greentech) (m/f/d),Reonic,Augsburg,2026-10-03,Engineering,Full Time,,,,,,0,https://www.arbeitnow.com/jobs/companies/reonic/product-manager-ux-ui-focus-ai-x-greentech-augsburg-88103,2026-10-03T14:13:08Z,
arbeitnow_product-marketing-manager-london-396075,Product Marketing Manager,Pharmlogic,London HQ,2026-10-03,Marketing,Full Time,,,,,,0,https://www.arbeitnow.co.uk/jobs/companies/pharmlogic/product-marketing-manager-london-396075,2026-10-03T14:13:08Z,
arbeitnow_product-owner-customer-domain-munchen-291704,Product Owner (m/w/d) - Customer Domain,doctari GmbH,München,2026-10-03,"Product, Saas, Product Owner, Software, B2B, Produktstrategie, Healthcare, KI, Productmanagement, Kunden","Experienced, Permanent, Full time",,,,,,0,https://www.arbeitnow.com/jobs/companies/doctari-gmbh/product-owner-customer-domain-munchen-291704,2026-10-03T14:13:08Z,
arbeitnow_production-test-engineer-gilching-120244,Production Test Engineer (m/f/d),Quantum-Systems GmbH,"Gilching, Bayern, Germany",2026-10-03,Hardware,"Mid, fulltime permanent",,Python,,,,1,https://www.arbeitnow.com/jobs/companies/quantum-systems-gmbh/production-test-engineer-gilching-120244,2026-10-03T14:13:08Z,
arbeitnow_projektmanager-projektentwickler-pv-green-energy-office-munchen-305366,Projektmanager / Projektentwickler (m/w/d) PV / Green Energy,Feld Energy,Office München,2026-10-03,,"Entry, Permanent, Full time",,,,,,0,https://www.arbeitnow.com/jobs/companies/feld-energy/projektmanager-projektentwickler-pv-green-energy-office-munchen-305366,2026-10-03T14:13:08Z,
arbeitnow_quality-assurance-engineer-software-all-genders-munich-office-479329,Quality Assurance Engineer (Software) (all genders),Proglove,Munich Office,2026-10-03,,"Experienced, Permanent, Full time",,Python,,,,1,https://www.arbeitnow.com/jobs/companies/proglove/quality-assurance-engineer-software-all-genders-munich-office-479329,2026-10-03T14:13:08Z,
arbeitnow_quality-engineer-london-223131,Quality Engineer,Artificial Labs,London,2026-10-03,Engineering,Full Time,,,,,,0,https://www.arbeitnow.co.uk/jobs/companies/artificial-labs/quality-engineer-london-223131,2026-10-03T14:13:08Z,
arbeitnow_quality-inspector-sydney-australia-136998,Quality inspector,Andurilindustries,"Sydney, Australia",2026-10-03,Manufacturing : Undersea Dominance - Production : Quality Engineering,,,,,,,0,https://www.arbeitnow.co.uk/jobs/companies/andurilindustries/quality-inspector-sydney-australia-136998,2026-10-03T14:13:08Z,
arbeitnow_quant-developer-in-ai-london-147247,Quant Developer in AI,Encord,London,2026-10-03,EPD,Full Time,,"Python, Excel",,,,1,https://www.arbeitnow.co.uk/jobs/companies/encord/quant-developer-in-ai-london-147247,2026-10-03T14:13:08Z,
arbeitnow_regional-sales-director-munchen-bavaria-52451,Regional Sales Director,Catonetworks,"München, Bavaria",2026-10-03,Sales - Regional Sales Director,,,,,,,0,https://www.arbeitnow.com/jobs/companies/catonetworks/regional-sales-director-munchen-bavaria-52451,2026-10-03T14:13:08Z,
arbeitnow_remote-ai-developer-nurnberg-350342,AI Developer (m/f/d),Partspace,"Nürnberg, Remote",2026-10-03,"C#, .NET, .NET Core, APIs, Azure Devops, Software Developer, Clean Code, SOLID, OCR, ML Engineer, deep learning, C++, AI, Machine Learning, Deep Learning, Computer Vision, Document AI, Multimodal AI, LLMs, MLOps, Scalable Systems, API Development, Data Engineering, Lay, remote, SaaS, CAD, CAM","Experienced, Permanent, Full time",,Python,,,,1,https://www.arbeitnow.com/jobs/companies/partspace/remote-ai-developer-nurnberg-350342,2026-10-03T14:13:08Z,
arbeitnow_remote-controller-414347,Controller,Notabene,Remote,2026-10-03,Finance,Full Time,,,,,,0,https://www.arbeitnow.co.uk/jobs/companies/notabene/remote-controller-414347,2026-10-03T14:13:08Z,
arbeitnow_remote-controller-54080,Controller,Notabene,Remote,2026-10-03,Finance,Full Time,,,,,,0,https://www.arbeitnow.fr/jobs/companies/notabene/remote-controller-54080,2026-10-03T14:13:08Z,
arbeitnow_remote-health-claims-lead-195114,Health claims lead (f/m/x),Feather,EU Remote | Berlin,2026-10-03,"Health claims, insurance, Assessment, Risk, MGA, TPA","Experienced, Permanent, Full time",,,,,,0,https://www.arbeitnow.com/jobs/companies/feather/remote-health-claims-lead-195114,2026-10-03T14:13:08Z,
arbeitnow_remote-junior-solution-architect-dach-453252,Junior Solution Architect DACH,Proglove,Germany - remote,2026-10-03,,"Entry, Permanent, Full time",,"SQL, Python",,,,1,https://www.arbeitnow.com/jobs/companies/proglove/remote-junior-solution-architect-dach-453252,2026-10-03T14:13:08Z,
arbeitnow_remote-sales-account-executive-cybersecurity-montrouge-362742,Sales Account Executive - Cybersecurity,Crowdsec,"Remote job, Remote",2026-10-03,Remote,"Mid, fulltime permanent",,,,,,0,https://www.arbeitnow.fr/jobs/companies/crowdsec/remote-sales-account-executive-cybersecurity-montrouge-362742,2026-10-03T14:13:08Z,
arbeitnow_remote-senior-consultant-berater-berlin-394483,Senior-Consultant / Berater (m/w/d),Meliorate GmbH,"Homeoffice, Remote",2026-10-03,"Consultant, Remote","Experienced, fulltime permanent",,,,,,0,https://www.arbeitnow.com/jobs/companies/meliorate-gmbh/remote-senior-consultant-berater-berlin-394483,2026-10-03T14:13:08Z,
arbeitnow_remote-senior-medical-writer-uk-london-285592,Senior Medical Writer | UK,TransPerfect,"Remote job, Remote",2026-10-03,"Medical Writing, Remote","Experienced, fulltime permanent",,,,,,0,https://www.arbeitnow.co.uk/jobs/companies/transperfect/remote-senior-medical-writer-uk-london-285592,2026-10-03T14:13:08Z,
arbeitnow_remote-senior-product-manager-all-genders-b2b-383663,Senior Product Manager (all genders) | B2B,Real Digital,Remote oder Köln / Darmstadt / Düsseldorf / Berlin,2026-10-03,"product, product management, strategy, roadmap","Experienced, Permanent, Full or part time",,Excel,,,,1,https://www.arbeitnow.com/jobs/companies/real-digital/remote-senior-product-manager-all-genders-b2b-383663,2026-10-03T14:13:08Z,
arbeitnow_remote-senior-sales-manager-digital-solutions-50797,Senior Sales Manager - Digital Solutions (m/w/d),Avenit Ag,Remote in Deutschland,2026-10-03,,"Experienced, Permanent, Full time",,,,,,0,https://www.arbeitnow.com/jobs/companies/avenit-ag/remote-senior-sales-manager-digital-solutions-50797,2026-10-03T14:13:08Z,
arbeitnow_remote-solutions-engineer-165483,Solutions Engineer,Sonicwall,Remote,2026-10-03,Sales,,,,,,,0,https://www.arbeitnow.co.uk/jobs/companies/sonicwall/remote-solutions-engineer-165483,2026-10-03T14:13:08Z,
arbeitnow_remote-technical-sap-product-owner-berlin-10419,Technical SAP Product Owner (m/w/d),Natuvion GmbH,"Remote job, Remote",2026-10-03,"Product Development, Remote","Experienced, fulltime permanent",,,,,,0,https://www.arbeitnow.com/jobs/companies/natuvion-gmbh/remote-technical-sap-product-owner-berlin-10419,2026-10-03T14:13:08Z,
arbeitnow_remote-werkstudent-vertrieb-stuttgart-342938,Werkstudent Vertrieb (m/w/d),Shyftplan,"Stuttgart, Remote",2026-10-03,"Sales, Vertrieb, Studentenjob, Start-up, Startups, Remote","Student, Working student, Part time",,,,,,0,https://www.arbeitnow.com/jobs/companies/shyftplan/remote-werkstudent-vertrieb-stuttgart-342938,2026-10-03T14:13:08Z,
arbeitnow_research-scientist-foundation-model-world-model-site-memory-zurich-251034,"Research Scientist, Foundation Model (World Model & Site Memory)",Laelaps,"Zürich, Switzerland",2026-10-03,Research & Development,Full Time,,,,,,1,https://www.arbeitnow.ch/jobs/companies/laelaps/research-scientist-foundation-model-world-model-site-memory-zurich-251034,2026-10-03T14:13:08Z,
arbeitnow_sachbearbeitung-sondereigentumsverwaltung-und-mandantenadministration-erding-23018,Sachbearbeitung Sondereigentumsverwaltung und Mandantenadministration (m/w/d),Bendl Investment GmbH,Erding,2026-10-03,Administration,"Minijob (geringfügige beschäftigung), side, berufseinstieg",,,,,,0,https://www.arbeitnow.com/jobs/companies/bendl-investment-gmbh/sachbearbeitung-sondereigentumsverwaltung-und-mandantenadministration-erding-23018,2026-10-03T14:13:08Z,
arbeitnow_sachbearbeitung-wertpapierabwicklung-investment-backoffice-erding-122862,Sachbearbeitung Wertpapierabwicklung /Investment-Backoffice (m/w/d),Bendl Investment GmbH,Erding,2026-10-03,Finance,"Minijob (geringfügige beschäftigung), side, berufserfahren",,,,,,0,https://www.arbeitnow.com/jobs/companies/bendl-investment-gmbh/sachbearbeitung-wertpapierabwicklung-investment-backoffice-erding-122862,2026-10-03T14:13:08Z,
arbeitnow_sales-account-executive-london-177272,Sales Account Executive,TransPerfect,"London, Greater London, United Kingdom",2026-10-03,Sales,"Mid, fulltime permanent",,,,,,0,https://www.arbeitnow.co.uk/jobs/companies/transperfect/sales-account-executive-london-177272,2026-10-03T14:13:08Z,
arbeitnow_sales-development-senior-manager-44026,Sales Development Senior Manager,gympass,,2026-10-03,Client Sales,,,,,,,0,https://www.arbeitnow.com/jobs/companies/gympass/sales-development-senior-manager-44026,2026-10-03T14:13:08Z,
arbeitnow_sales-director-emea-hybrid-london-434095,"Sales Director, EMEA",Tailscale,Hybrid (London,2026-10-03,Sales,,,,,,,0,https://www.arbeitnow.co.uk/jobs/companies/tailscale/sales-director-emea-hybrid-london-434095,2026-10-03T14:13:08Z,
arbeitnow_sales-engineer-all-genders-munich-497251,Sales Engineer (all genders),Lio,Munich Office,2026-10-03,Go-To-Market,Full Time,,,,,,0,https://www.arbeitnow.com/jobs/companies/lio/sales-engineer-all-genders-munich-497251,2026-10-03T14:13:08Z,
arbeitnow_sales-manager-kliniksoftware-schweiz-80-100-liebefeld-383206,Sales Manager Kliniksoftware Schweiz (80–100 %),Meierhofer,Liebefeld,2026-10-03,"eHealth, medizinische Informatik, gesundheitswesen, Krankenhausinformationssystem, Beratung, Gesundheitsinformatik, consultant Healthcare, ePA, Medizinische Software, München, Hannover, Leipzig, Berlin, Home Office, Gesundheitswesen, Medizinische Anwendungen, Vertrieb, Healthcare-IT, Krankenhausmarkt, kliniken, Account Manager, Sales Manager, Neukundengewinnung, spitalsoftware","Experienced, Permanent, Full time",,,,,,0,https://www.arbeitnow.ch/jobs/companies/meierhofer/sales-manager-kliniksoftware-schweiz-80-100-liebefeld-383206,2026-10-03T14:13:08Z,
arbeitnow_sales-manager-london-383712,Sales Manager,Juicebox,"London, UK",2026-10-03,Sales,Full Time,,,,,,0,https://www.arbeitnow.co.uk/jobs/companies/juicebox/sales-manager-london-383712,2026-10-03T14:13:08Z,
arbeitnow_sales-representative-berlin-159757,Sales Representative (m/w/d) - Berlin,Salonkee,Deutschland / Berlin,2026-10-03,Sales,Full Time,,,,,,0,https://www.arbeitnow.com/jobs/companies/salonkee/sales-representative-berlin-159757,2026-10-03T14:13:08Z,
arbeitnow_sales-representative-bremen-113290,Sales Representative (m/w/d) - Bremen,Salonkee,Deutschland / Bremen,2026-10-03,Sales,Full Time,,,,,,0,https://www.arbeitnow.com/jobs/companies/salonkee/sales-representative-bremen-113290,2026-10-03T14:13:08Z,
arbeitnow_sales-representative-darmstadt-460348,Sales Representative (m/w/d) - Darmstadt,Salonkee,Deutschland / Darmstadt,2026-10-03,Sales,Full Time,,,,,,0,https://www.arbeitnow.com/jobs/companies/salonkee/sales-representative-darmstadt-460348,2026-10-03T14:13:08Z,
arbeitnow_sales-representative-frankfurt-229660,Sales Representative (m/w/d) - Frankfurt,Salonkee,Deutschland / Frankfurt,2026-10-03,Sales,Full Time,,,,,,0,https://www.arbeitnow.com/jobs/companies/salonkee/sales-representative-frankfurt-229660,2026-10-03T14:13:08Z,
arbeitnow_sales-representative-hamburg-487878,Sales Representative (m/w/d) - Hamburg,Salonkee,Deutschland / Hamburg,2026-10-03,Sales,Full Time,,,,,,0,https://www.arbeitnow.com/jobs/companies/salonkee/sales-representative-hamburg-487878,2026-10-03T14:13:08Z,
arbeitnow_sales-representative-hannover-464823,Sales Representative (m/w/d) - Hannover,Salonkee,Deutschland / Hannover,2026-10-03,Sales,Full Time,,,,,,0,https://www.arbeitnow.com/jobs/companies/salonkee/sales-representative-hannover-464823,2026-10-03T14:13:08Z,
arbeitnow_sales-representative-heidelberg-227121,Sales Representative (m/w/d) - Heidelberg,Salonkee,Deutschland / Heidelberg,2026-10-03,Sales,Full Time,,,,,,0,https://www.arbeitnow.com/jobs/companies/salonkee/sales-representative-heidelberg-227121,2026-10-03T14:13:08Z,
arbeitnow_sales-representative-koln-311578,Sales Representative (m/w/d) - Köln,Salonkee,Deutschland / Köln,2026-10-03,Sales,Full Time,,,,,,0,https://www.arbeitnow.com/jobs/companies/salonkee/sales-representative-koln-311578,2026-10-03T14:13:08Z,
arbeitnow_sales-representative-lorrach-447727,Sales Representative (m/w/d) - Lörrach,Salonkee,Deutschland / Lörrach,2026-10-03,Sales,Full Time,,,,,,0,https://www.arbeitnow.com/jobs/companies/salonkee/sales-representative-lorrach-447727,2026-10-03T14:13:08Z,
arbeitnow_sales-representative-mannheim-121177,Sales Representative (m/w/d) - Mannheim,Salonkee,Deutschland / Mannheim,2026-10-03,Sales,Full Time,,,,,,0,https://www.arbeitnow.com/jobs/companies/salonkee/sales-representative-mannheim-121177,2026-10-03T14:13:08Z,
arbeitnow_sales-representative-munchen-munich-305133,Sales Representative (m/w/d) - München,Salonkee,Deutschland / München,2026-10-03,Sales,Full Time,,,,,,0,https://www.arbeitnow.com/jobs/companies/salonkee/sales-representative-munchen-munich-305133,2026-10-03T14:13:08Z,
arbeitnow_sales-representative-nurnberg-327774,Sales Representative (m/w/d) - Nürnberg,Salonkee,Deutschland / Nürnberg,2026-10-03,Sales,Full Time,,,,,,0,https://www.arbeitnow.com/jobs/companies/salonkee/sales-representative-nurnberg-327774,2026-10-03T14:13:08Z,
arbeitnow_sales-representative-quereinstieg-berlin-80461,Sales Representative (m/w/d) Quereinstieg - Berlin,Salonkee,Deutschland / Berlin,2026-10-03,Sales,Full Time,,,,,,0,https://www.arbeitnow.com/jobs/companies/salonkee/sales-representative-quereinstieg-berlin-80461,2026-10-03T14:13:08Z,
arbeitnow_sales-representative-quereinstieg-bremen-114876,Sales Representative (m/w/d) Quereinstieg - Bremen,Salonkee,Deutschland / Bremen,2026-10-03,Sales,Full Time,,,,,,0,https://www.arbeitnow.com/jobs/companies/salonkee/sales-representative-quereinstieg-bremen-114876,2026-10-03T14:13:08Z,
arbeitnow_sales-representative-quereinstieg-darmstadt-471038,Sales Representative (m/w/d) Quereinstieg - Darmstadt,Salonkee,Deutschland / Darmstadt,2026-10-03,Sales,Full Time,,,,,,0,https://www.arbeitnow.com/jobs/companies/salonkee/sales-representative-quereinstieg-darmstadt-471038,2026-10-03T14:13:08Z,
arbeitnow_sales-representative-quereinstieg-frankfurt-403091,Sales Representative (m/w/d) Quereinstieg - Frankfurt,Salonkee,Deutschland / Frankfurt,2026-10-03,Sales,Full Time,,,,,,0,https://www.arbeitnow.com/jobs/companies/salonkee/sales-representative-quereinstieg-frankfurt-403091,2026-10-03T14:13:08Z,
arbeitnow_sales-representative-quereinstieg-hamburg-129141,Sales Representative (m/w/d) Quereinstieg - Hamburg,Salonkee,Deutschland / Hamburg,2026-10-03,Sales,Full Time,,,,,,0,https://www.arbeitnow.com/jobs/companies/salonkee/sales-representative-quereinstieg-hamburg-129141,2026-10-03T14:13:08Z,
arbeitnow_sales-representative-quereinstieg-heidelberg-211271,Sales Representative (m/w/d) Quereinstieg - Heidelberg,Salonkee,Deutschland / Heidelberg,2026-10-03,Sales,Full Time,,,,,,0,https://www.arbeitnow.com/jobs/companies/salonkee/sales-representative-quereinstieg-heidelberg-211271,2026-10-03T14:13:08Z,
arbeitnow_sales-representative-quereinstieg-koln-60981,Sales Representative (m/w/d) Quereinstieg - Köln,Salonkee,Deutschland / Köln,2026-10-03,Sales,Full Time,,,,,,0,https://www.arbeitnow.com/jobs/companies/salonkee/sales-representative-quereinstieg-koln-60981,2026-10-03T14:13:08Z,
arbeitnow_sales-representative-quereinstieg-lorrach-362281,Sales Representative (m/w/d) Quereinstieg - Lörrach,Salonkee,Deutschland / Lörrach,2026-10-03,Sales,Full Time,,,,,,0,https://www.arbeitnow.com/jobs/companies/salonkee/sales-representative-quereinstieg-lorrach-362281,2026-10-03T14:13:08Z,
arbeitnow_sales-representative-quereinstieg-mannheim-206467,Sales Representative (m/w/d) Quereinstieg - Mannheim,Salonkee,Deutschland / Mannheim,2026-10-03,Sales,Full Time,,,,,,0,https://www.arbeitnow.com/jobs/companies/salonkee/sales-representative-quereinstieg-mannheim-206467,2026-10-03T14:13:08Z,
arbeitnow_sales-representative-quereinstieg-munchen-munich-132045,Sales Representative (m/w/d) Quereinstieg - München,Salonkee,Deutschland / München,2026-10-03,Sales,Full Time,,,,,,0,https://www.arbeitnow.com/jobs/companies/salonkee/sales-representative-quereinstieg-munchen-munich-132045,2026-10-03T14:13:08Z,
arbeitnow_sales-representative-quereinstieg-nurnberg-175245,Sales Representative (m/w/d) Quereinstieg - Nürnberg,Salonkee,Deutschland / Nürnberg,2026-10-03,Sales,Full Time,,,,,,0,https://www.arbeitnow.com/jobs/companies/salonkee/sales-representative-quereinstieg-nurnberg-175245,2026-10-03T14:13:08Z,
arbeitnow_sales-representative-quereinstieg-regensburg-432717,Sales Representative (m/w/d) Quereinstieg - Regensburg,Salonkee,Deutschland / Regensburg,2026-10-03,Sales,Full Time,,,,,,0,https://www.arbeitnow.com/jobs/companies/salonkee/sales-representative-quereinstieg-regensburg-432717,2026-10-03T14:13:08Z,
arbeitnow_sales-representative-quereinstieg-stuttgart-484586,Sales Representative (m/w/d) Quereinstieg - Stuttgart,Salonkee,Deutschland / Stuttgart,2026-10-03,Sales,Full Time,,,,,,0,https://www.arbeitnow.com/jobs/companies/salonkee/sales-representative-quereinstieg-stuttgart-484586,2026-10-03T14:13:08Z,
arbeitnow_sales-representative-regensburg-488589,Sales Representative (m/w/d) - Regensburg,Salonkee,Deutschland / Regensburg,2026-10-03,Sales,Full Time,,,,,,0,https://www.arbeitnow.com/jobs/companies/salonkee/sales-representative-regensburg-488589,2026-10-03T14:13:08Z,
arbeitnow_sales-representative-stuttgart-360955,Sales Representative (m/w/d) - Stuttgart,Salonkee,Deutschland / Stuttgart,2026-10-03,Sales,Full Time,,,,,,0,https://www.arbeitnow.com/jobs/companies/salonkee/sales-representative-stuttgart-360955,2026-10-03T14:13:08Z,
arbeitnow_scientist-i-platform-innovation-cambridge-ma-320852,"Scientist I, Platform Innovation",Basecamp Research,"Cambridge, MA",2026-10-03,Science,Full Time,,,,,,1,https://www.arbeitnow.co.uk/jobs/companies/basecamp-research/scientist-i-platform-innovation-cambridge-ma-320852,2026-10-03T14:13:08Z,
arbeitnow_security-engineer-berlin-379416,Security Engineer,Augustus,Berlin,2026-10-03,Engineering,Full Time,,,,,,0,https://www.arbeitnow.com/jobs/companies/augustus/security-engineer-berlin-379416,2026-10-03T14:13:08Z,
arbeitnow_senior-account-executive-bilingual-german-english-london-54036,Senior Account Executive Bilingual (German/English),Faire,London,2026-10-03,Brand Partnerships,,,,,,,1,https://www.arbeitnow.co.uk/jobs/companies/faire/senior-account-executive-bilingual-german-english-london-54036,2026-10-03T14:13:08Z,
arbeitnow_senior-account-executive-munich-464771,Senior Account Executive,Aurorasolar,"Munich, Germany",2026-10-03,Sales,Full Time,,,,,,0,https://www.arbeitnow.com/jobs/companies/aurorasolar/senior-account-executive-munich-464771,2026-10-03T14:13:08Z,
arbeitnow_senior-account-manager-all-genders-augsburg-168677,Senior Account Manager (all genders),Meteocontrol,Augsburg,2026-10-03,,"Experienced, Permanent, Full time",,,,,,0,https://www.arbeitnow.com/jobs/companies/meteocontrol/senior-account-manager-all-genders-augsburg-168677,2026-10-03T14:13:08Z,
arbeitnow_senior-architect-all-genders-munchen-256069,Senior Architect (all genders),Raysono,München,2026-10-03,,"Experienced, Permanent, Full time",,,,,,0,https://www.arbeitnow.com/jobs/companies/raysono/senior-architect-all-genders-munchen-256069,2026-10-03T14:13:08Z,
arbeitnow_senior-aws-consultant-garching-bei-munchen-bayern-10499,Senior AWS Consultant (m/w/d),Skaylink,"Garching bei München, Bayern",2026-10-03,AWS Professional Services,Full-time,,,,,,1,https://www.arbeitnow.com/jobs/companies/skaylink/senior-aws-consultant-garching-bei-munchen-bayern-10499,2026-10-03T14:13:08Z,
arbeitnow_senior-backend-developer-manufacturing-munchen-118397,Senior Backend Developer (m/f/d) - Manufacturing,Partspace,München,2026-10-03,".NET, C#, Backend, Software Development, Software Architecture, CI/CD, Azure DevOps, Tests, Agile Development, APIs, Data Pipelines, CAD, PLM, PDM, CAM, ERP, Calculation Algorithms, Manufacturing, Industrial, Code Reviews, Clean Code, Machine Learning, Feature Extraction, Industrial Software, SaaS, Clustering, Software Engineering","Experienced, Permanent, Full time",,,,,,1,https://www.arbeitnow.com/jobs/companies/partspace/senior-backend-developer-manufacturing-munchen-118397,2026-10-03T14:13:08Z,
arbeitnow_senior-brandschutzingenieur-berlin-berlin-430947,Senior Brandschutzingenieur (m/w/d),gropyus,"Berlin, Berlin",2026-10-03,"Building Physics, Acoustics & Fire Prevention",,,,,,,0,https://www.arbeitnow.com/jobs/companies/gropyus/senior-brandschutzingenieur-berlin-berlin-430947,2026-10-03T14:13:08Z,
arbeitnow_senior-business-development-manager-indramind-koln-161429,Senior Business Development Manager (m/f/d) IndraMind,Indra Avitech,Köln,2026-10-03,"Business Development, Vertrieb, Key Account Management, Sales","Experienced, Permanent, Full time",,,,,,0,https://www.arbeitnow.com/jobs/companies/indra-avitech/senior-business-development-manager-indramind-koln-161429,2026-10-03T14:13:08Z,
arbeitnow_senior-commercial-finance-business-partner-london-370701,Senior Commercial Finance Business Partner,SumUp,"London, England, United Kingdom",2026-10-03,,,,"SQL, Excel",,,,1,https://www.arbeitnow.co.uk/jobs/companies/sumup/senior-commercial-finance-business-partner-london-370701,2026-10-03T14:13:08Z,
arbeitnow_senior-consultant-energy-markets-economics-all-genders-augsburg-56915,Senior Consultant Energy Markets & Economics (all genders),Meteocontrol,Augsburg,2026-10-03,"green jobs, sustainable, pv, bess, consulting","Experienced, Permanent, Full or part time",,,,,,0,https://www.arbeitnow.com/jobs/companies/meteocontrol/senior-consultant-energy-markets-economics-all-genders-augsburg-56915,2026-10-03T14:13:08Z,
arbeitnow_senior-consultant-energy-markets-economics-all-genders-berlin-297768,Senior Consultant Energy Markets & Economics (all genders),Meteocontrol,Berlin,2026-10-03,"green jobs, sustainable, pv, bess, consulting","Experienced, Permanent, Full or part time",,,,,,0,https://www.arbeitnow.com/jobs/companies/meteocontrol/senior-consultant-energy-markets-economics-all-genders-berlin-297768,2026-10-03T14:13:08Z,
arbeitnow_senior-consultant-operational-cyber-resilience-173533,(Senior) Consultant* – Operational & Cyber Resilience,capco,,2026-10-03,Business Consulting,,,,,,,0,https://www.arbeitnow.com/jobs/companies/capco/senior-consultant-operational-cyber-resilience-173533,2026-10-03T14:13:08Z,
arbeitnow_senior-consultant-operational-cyber-resilience-1775,(Senior) Consultant* – Operational & Cyber Resilience,capco,,2026-10-03,Business Consulting,,,,,,,0,https://www.arbeitnow.com/jobs/companies/capco/senior-consultant-operational-cyber-resilience-1775,2026-10-03T14:13:08Z,
arbeitnow_senior-consultant-operational-cyber-resilience-312845,(Senior) Consultant* – Operational & Cyber Resilience,capco,,2026-10-03,Business Consulting,,,,,,,0,https://www.arbeitnow.com/jobs/companies/capco/senior-consultant-operational-cyber-resilience-312845,2026-10-03T14:13:08Z,
arbeitnow_senior-consultant-operational-cyber-resilience-85635,(Senior) Consultant* – Operational & Cyber Resilience,capco,,2026-10-03,Business Consulting,,,,,,,0,https://www.arbeitnow.com/jobs/companies/capco/senior-consultant-operational-cyber-resilience-85635,2026-10-03T14:13:08Z,
arbeitnow_senior-consultant-payments-transformation-12257,(Senior) Consultant* - Payments Transformation,capco,,2026-10-03,Business Consulting,,,,,,,0,https://www.arbeitnow.com/jobs/companies/capco/senior-consultant-payments-transformation-12257,2026-10-03T14:13:08Z,
arbeitnow_senior-consultant-payments-transformation-466530,(Senior) Consultant* - Payments Transformation,capco,,2026-10-03,Business Consulting,,,,,,,0,https://www.arbeitnow.com/jobs/companies/capco/senior-consultant-payments-transformation-466530,2026-10-03T14:13:08Z,
arbeitnow_senior-consultant-payments-transformation-490387,(Senior) Consultant* - Payments Transformation,capco,,2026-10-03,Business Consulting,,,,,,,0,https://www.arbeitnow.com/jobs/companies/capco/senior-consultant-payments-transformation-490387,2026-10-03T14:13:08Z,
arbeitnow_senior-consultant-sepa-payments-100091,(Senior) Consultant* - SEPA-Payments,capco,,2026-10-03,Business Consulting,,,,,,,0,https://www.arbeitnow.com/jobs/companies/capco/senior-consultant-sepa-payments-100091,2026-10-03T14:13:08Z,
arbeitnow_senior-consultant-sepa-payments-333138,(Senior) Consultant* - SEPA-Payments,capco,,2026-10-03,Business Consulting,,,,,,,0,https://www.arbeitnow.com/jobs/companies/capco/senior-consultant-sepa-payments-333138,2026-10-03T14:13:08Z,
arbeitnow_senior-consultant-sepa-payments-460414,(Senior) Consultant* - SEPA-Payments,capco,,2026-10-03,Business Consulting,,,,,,,0,https://www.arbeitnow.com/jobs/companies/capco/senior-consultant-sepa-payments-460414,2026-10-03T14:13:08Z,
arbeitnow_senior-cx-solution-design-lead-london-253568,Senior CX Solution Design Lead,Digitalassetcorp,London,2026-10-03,Solutions Design,,,,,,,0,https://www.arbeitnow.co.uk/jobs/companies/digitalassetcorp/senior-cx-solution-design-lead-london-253568,2026-10-03T14:13:08Z,
arbeitnow_senior-data-scientist-economist-supply-paris-34186,Senior Data Scientist ( Economist) - Supply,Backmarket,Paris,2026-10-03,PRODUCT,Full Time,,"SQL, Python, Tableau, dbt",,,,1,https://www.arbeitnow.fr/jobs/companies/backmarket/senior-data-scientist-economist-supply-paris-34186,2026-10-03T14:13:08Z,
arbeitnow_senior-data-scientist-payment-intelligence-london-304796,"Senior Data Scientist, Payment Intelligence",Gocardless,London,2026-10-03,Product Development,,,"SQL, Python",,,,1,https://www.arbeitnow.co.uk/jobs/companies/gocardless/senior-data-scientist-payment-intelligence-london-304796,2026-10-03T14:13:08Z,
arbeitnow_senior-delivery-engineer-london-259251,Senior Delivery Engineer,hyperexponential,London (hybrid),2026-10-03,Technology,Full Time,,Python,,,,1,https://www.arbeitnow.co.uk/jobs/companies/hyperexponential/senior-delivery-engineer-london-259251,2026-10-03T14:13:08Z,
arbeitnow_senior-director-emea-enterprise-business-development-london-426382,Senior Director - EMEA Enterprise Business Development,Coreweaveu,London,2026-10-03,Global Field Organization,,,,,,,0,https://www.arbeitnow.co.uk/jobs/companies/coreweaveu/senior-director-emea-enterprise-business-development-london-426382,2026-10-03T14:13:08Z,
arbeitnow_senior-director-emea-startup-vc-business-development-london-269006,Senior Director - EMEA Startup & VC Business Development,Coreweaveu,London,2026-10-03,Global Field Organization,,,,,,,0,https://www.arbeitnow.co.uk/jobs/companies/coreweaveu/senior-director-emea-startup-vc-business-development-london-269006,2026-10-03T14:13:08Z,
arbeitnow_senior-electronics-engineer-oxford-410620,Senior Electronics Engineer,ionq,Oxford,2026-10-03,Compute - Engineering,,,Python,,,,1,https://www.arbeitnow.co.uk/jobs/companies/ionq/senior-electronics-engineer-oxford-410620,2026-10-03T14:13:08Z,
arbeitnow_senior-engineer-integration-test-llanbedr-111488,"Senior Engineer, Integration & Test",Andurilindustries,Llanbedr,2026-10-03,Hardware Platform : Hardware Test Operations : Test & Evaluation,,,Python,,,,1,https://www.arbeitnow.co.uk/jobs/companies/andurilindustries/senior-engineer-integration-test-llanbedr-111488,2026-10-03T14:13:08Z,
arbeitnow_senior-expansion-managerin-fur-standortakquise-in-berlin-442641,Senior Expansion Manager:in (m/w/d) für Standortakquise in Berlin,Fastned,"Berlin, Berlin, Germany",2026-10-03,Network Development,"Mid, fulltime permanent",,,,,,0,https://www.arbeitnow.com/jobs/companies/fastned/senior-expansion-managerin-fur-standortakquise-in-berlin-442641,2026-10-03T14:13:08Z,
arbeitnow_senior-expansion-managerin-fur-standortakquise-in-leipzig-279939,Senior Expansion Manager:in (m/w/d) für Standortakquise in Leipzig,Fastned,"Leipzig, Sachsen, Germany",2026-10-03,Network Development,"Mid, fulltime permanent",,,,,,0,https://www.arbeitnow.com/jobs/companies/fastned/senior-expansion-managerin-fur-standortakquise-in-leipzig-279939,2026-10-03T14:13:08Z,
arbeitnow_senior-expansion-managerin-fur-standortakquise-in-munchen-84469,Senior Expansion Manager:in (m/w/d) für Standortakquise in München,Fastned,"München, Bayern, Germany",2026-10-03,Network Development,"Mid, fulltime permanent",,,,,,0,https://www.arbeitnow.com/jobs/companies/fastned/senior-expansion-managerin-fur-standortakquise-in-munchen-84469,2026-10-03T14:13:08Z,
arbeitnow_senior-financial-accountant-london-149207,Senior Financial Accountant,Zilch,Zilch UK,2026-10-03,Finance,Full Time,,,,,,0,https://www.arbeitnow.co.uk/jobs/companies/zilch/senior-financial-accountant-london-149207,2026-10-03T14:13:08Z,
arbeitnow_senior-financial-analyst-fpa-london-20766,Senior Financial Analyst - FP&A,Andurilindustries,London,2026-10-03,Finance & Accounting : Finance : Finance,,,Excel,,,,1,https://www.arbeitnow.co.uk/jobs/companies/andurilindustries/senior-financial-analyst-fpa-london-20766,2026-10-03T14:13:08Z,
arbeitnow_senior-fire-safety-engineer-all-genders-berlin-berlin-401108,Senior Fire Safety Engineer (all genders),gropyus,"Berlin, Berlin",2026-10-03,"Building Physics, Acoustics & Fire Prevention",,,,,,,0,https://www.arbeitnow.com/jobs/companies/gropyus/senior-fire-safety-engineer-all-genders-berlin-berlin-401108,2026-10-03T14:13:08Z,
arbeitnow_senior-fpa-analyst-london-386962,Senior FP&A Analyst,Butternutbox,London,2026-10-03,Finance,,,Excel,,,,1,https://www.arbeitnow.co.uk/jobs/companies/butternutbox/senior-fpa-analyst-london-386962,2026-10-03T14:13:08Z,
arbeitnow_senior-fpga-verification-engineer-oxford-11143,Senior  FPGA Verification Engineer,ionq,Oxford,2026-10-03,Compute - Engineering,,,Python,,,,1,https://www.arbeitnow.co.uk/jobs/companies/ionq/senior-fpga-verification-engineer-oxford-11143,2026-10-03T14:13:08Z,
arbeitnow_senior-fraud-strategy-manager-london-125383,Senior Fraud Strategy Manager,Zilch,Zilch UK,2026-10-03,Product,Full Time,,,,,,0,https://www.arbeitnow.co.uk/jobs/companies/zilch/senior-fraud-strategy-manager-london-125383,2026-10-03T14:13:08Z,
arbeitnow_senior-front-end-engineer-quantum-tools-oxford-195331,"Senior Front-End Engineer, Quantum Tools",ionq,Oxford,2026-10-03,Compute - Engineering,,,,,,,0,https://www.arbeitnow.co.uk/jobs/companies/ionq/senior-front-end-engineer-quantum-tools-oxford-195331,2026-10-03T14:13:08Z,
arbeitnow_senior-frontend-engineer-gn-berlin-376177,Senior Frontend Engineer (gn),Ingestro,"Berlin, Berlin, Germany",2026-10-03,Engineering,"Experienced, fulltime permanent",,,,,,0,https://www.arbeitnow.com/jobs/companies/ingestro/senior-frontend-engineer-gn-berlin-376177,2026-10-03T14:13:08Z,
arbeitnow_senior-full-stack-engineer-ai-security-paris-308967,Senior Full Stack Engineer | AI & Security,Escape,Paris Office,2026-10-03,Tech,Full Time,,Python,,,,1,https://www.arbeitnow.fr/jobs/companies/escape/senior-full-stack-engineer-ai-security-paris-308967,2026-10-03T14:13:08Z,
arbeitnow_senior-fullstack-engineer-mobile-healthcare-platform-munchen-194937,Senior Fullstack Engineer — Mobile Healthcare Platform,Snke,München,2026-10-03,,"Experienced, Permanent, Full time",,Python,,,,1,https://www.arbeitnow.com/jobs/companies/snke/senior-fullstack-engineer-mobile-healthcare-platform-munchen-194937,2026-10-03T14:13:08Z,
arbeitnow_senior-hr-generalist-berlin-84143,Senior HR Generalist,TransPerfect,"Berlin, Berlin, Germany",2026-10-03,,"Mid, fulltime fixed term",,Excel,,,,1,https://www.arbeitnow.com/jobs/companies/transperfect/senior-hr-generalist-berlin-84143,2026-10-03T14:13:08Z,
arbeitnow_senior-ios-engineer-kmp-pos-berlin-121626,Senior iOS Engineer (KMP) - POS,sumup,Berlin,2026-10-03,iOS,,,,,,,0,https://www.arbeitnow.com/jobs/companies/sumup/senior-ios-engineer-kmp-pos-berlin-121626,2026-10-03T14:13:08Z,
arbeitnow_senior-lease-administration-analyst-london-462911,Senior Lease Administration Analyst,Coreweaveu,London,2026-10-03,Data Center - G&A,,,,,,,0,https://www.arbeitnow.co.uk/jobs/companies/coreweaveu/senior-lease-administration-analyst-london-462911,2026-10-03T14:13:08Z,
arbeitnow_senior-linux-distribution-validation-engineer-bristol-187378,Senior Linux Distribution & Validation Engineer,Graphcore,Bristol,2026-10-03,System Software Integration,,,Python,,,,1,https://www.arbeitnow.co.uk/jobs/companies/graphcore/senior-linux-distribution-validation-engineer-bristol-187378,2026-10-03T14:13:08Z,
arbeitnow_senior-linux-distribution-validation-engineer-cambridge-233642,Senior Linux Distribution & Validation Engineer,Graphcore,Cambridge,2026-10-03,System Software Integration,,,Python,,,,1,https://www.arbeitnow.co.uk/jobs/companies/graphcore/senior-linux-distribution-validation-engineer-cambridge-233642,2026-10-03T14:13:08Z,
arbeitnow_senior-linux-distribution-validation-engineer-london-221421,Senior Linux Distribution & Validation Engineer,Graphcore,London,2026-10-03,System Software Integration,,,Python,,,,1,https://www.arbeitnow.co.uk/jobs/companies/graphcore/senior-linux-distribution-validation-engineer-london-221421,2026-10-03T14:13:08Z,
arbeitnow_senior-machine-learning-engineer-platform-team-berlin-274559,Senior Machine Learning Engineer - Platform Team,sumup,Berlin,2026-10-03,Data Engineer/Scientist,,,Python,,,,1,https://www.arbeitnow.com/jobs/companies/sumup/senior-machine-learning-engineer-platform-team-berlin-274559,2026-10-03T14:13:08Z,
arbeitnow_senior-machine-learning-engineer-simulation-london-91204,"Senior Machine Learning Engineer, Simulation",Waymo,London,2026-10-03,Simulation (7XW),,,,,,,1,https://www.arbeitnow.co.uk/jobs/companies/waymo/senior-machine-learning-engineer-simulation-london-91204,2026-10-03T14:13:08Z,
arbeitnow_senior-machine-learning-engineer-video-ai-munchen-272108,Senior Machine Learning Engineer – Video AI,Snke,München,2026-10-03,,"Experienced, Permanent, Full time",,Python,,,,1,https://www.arbeitnow.com/jobs/companies/snke/senior-machine-learning-engineer-video-ai-munchen-272108,2026-10-03T14:13:08Z,
arbeitnow_senior-manager-fpa-munchen-5558,(Senior) Manager FP&A (m/f/d),limehome,"München, Bayern, Germany",2026-10-03,Finance,"Mid, fulltime permanent",,,,,,1,https://www.arbeitnow.com/jobs/companies/limehome/senior-manager-fpa-munchen-5558,2026-10-03T14:13:08Z,
arbeitnow_senior-manager-quantum-development-tools-929-uk-cambridge-58442,Senior Manager - Quantum Development Tools - 929,Quantinuum,UK Cambridge,2026-10-03,Quantum Computing Software,Full-time,,Python,,,,1,https://www.arbeitnow.co.uk/jobs/companies/quantinuum/senior-manager-quantum-development-tools-929-uk-cambridge-58442,2026-10-03T14:13:08Z,
arbeitnow_senior-manager-talent-acquisition-munich-germany-385900,"Senior Manager, Talent Acquisition",CesiumAstro,"Munich, Germany",2026-10-03,Recruiting,Full-time,,,,,,0,https://www.arbeitnow.com/jobs/companies/cesiumastro/senior-manager-talent-acquisition-munich-germany-385900,2026-10-03T14:13:08Z,
arbeitnow_senior-manager-technical-project-manager-12-month-ftc-battersea-power-station-167097,"Senior Manager, Technical Project Manager - 12 Month FTC",Sharkninjaoperatingllc,Battersea Power Station,2026-10-03,10500 - Engineering NPD,,,Excel,,,,1,https://www.arbeitnow.co.uk/jobs/companies/sharkninjaoperatingllc/senior-manager-technical-project-manager-12-month-ftc-battersea-power-station-167097,2026-10-03T14:13:08Z,
arbeitnow_senior-materials-planner-oxford-441830,Senior Materials Planner,ionq,Oxford,2026-10-03,Compute - Manufacturing,,,Power BI,,,,1,https://www.arbeitnow.co.uk/jobs/companies/ionq/senior-materials-planner-oxford-441830,2026-10-03T14:13:08Z,
arbeitnow_senior-ml-ops-paris-paris-210571,Senior ML Ops (x/f/m),Doctolib,"Paris, Paris",2026-10-03,Engineering,,,"SQL, Python",,,,1,https://www.arbeitnow.fr/jobs/companies/doctolib/senior-ml-ops-paris-paris-210571,2026-10-03T14:13:08Z,
arbeitnow_senior-optics-technician-oxford-198862,Senior Optics Technician,ionq,Oxford,2026-10-03,Compute - Manufacturing,,,,,,,0,https://www.arbeitnow.co.uk/jobs/companies/ionq/senior-optics-technician-oxford-198862,2026-10-03T14:13:08Z,
arbeitnow_senior-paralegal-aifm-funds-trier-210654,Senior Paralegal AIFM Funds,coni+partner AG,Trier,2026-10-03,"Compliance, Security",berufserfahren,,,,,,0,https://www.arbeitnow.com/jobs/companies/conipartner-ag/senior-paralegal-aifm-funds-trier-210654,2026-10-03T14:13:08Z,
arbeitnow_senior-partner-marketing-manager-emea-london-35759,Senior Partner Marketing Manager - EMEA,Fastly,London,2026-10-03,Partner Marketing,,,,,,,0,https://www.arbeitnow.co.uk/jobs/companies/fastly/senior-partner-marketing-manager-emea-london-35759,2026-10-03T14:13:08Z,
arbeitnow_senior-product-engineer-berlin-226275,Senior Product Engineer,intercom,Berlin,2026-10-03,Engineering,,,Python,,,,1,https://www.arbeitnow.com/jobs/companies/intercom/senior-product-engineer-berlin-226275,2026-10-03T14:13:08Z,
arbeitnow_senior-product-manager-birmingham-333698,Senior Product Manager,Reachdesk,Birmingham,2026-10-03,Product & Technology,,,,,,,0,https://www.arbeitnow.co.uk/jobs/companies/reachdesk/senior-product-manager-birmingham-333698,2026-10-03T14:13:08Z,
arbeitnow_senior-product-manager-carpool-experience-paris-france-14229,Senior Product Manager - Carpool Experience,Blablacar,"Paris, France",2026-10-03,Product Management,Permanent,,,,,,0,https://www.arbeitnow.fr/jobs/companies/blablacar/senior-product-manager-carpool-experience-paris-france-14229,2026-10-03T14:13:08Z,
arbeitnow_senior-product-manager-client-communication-paris-264337,Senior Product Manager - Client Communication,Qonto,Paris,2026-10-03,Product Management,Full-time,,,,,,0,https://www.arbeitnow.fr/jobs/companies/qonto/senior-product-manager-client-communication-paris-264337,2026-10-03T14:13:08Z,
arbeitnow_senior-product-manager-glasgow-glasgow-city-337040,Senior Product Manager,Reachdesk,"Glasgow, Glasgow City",2026-10-03,Product & Technology,,,,,,,0,https://www.arbeitnow.co.uk/jobs/companies/reachdesk/senior-product-manager-glasgow-glasgow-city-337040,2026-10-03T14:13:08Z,
arbeitnow_senior-product-manager-hardware-edge-ai-berlin-224280,Senior Product Manager - Hardware & Edge AI (d/f/m),Project Q,Berlin,2026-10-03,"product manager, hardware product, edge ai","Experienced, Permanent, Full time",,,,,,0,https://www.arbeitnow.com/jobs/companies/project-q/senior-product-manager-hardware-edge-ai-berlin-224280,2026-10-03T14:13:08Z,
arbeitnow_senior-product-manager-manchester-144481,Senior Product Manager,Reachdesk,Manchester,2026-10-03,Product & Technology,,,,,,,0,https://www.arbeitnow.co.uk/jobs/companies/reachdesk/senior-product-manager-manchester-144481,2026-10-03T14:13:08Z,
arbeitnow_senior-product-marketing-manager-pricing-and-product-gtm-strategy-london-412948,Senior Product Marketing Manager - Pricing and Product GTM Strategy,Malt,London,2026-10-03,Product Marketing,UK Permanent employee,,,,,,0,https://www.arbeitnow.co.uk/jobs/companies/malt/senior-product-marketing-manager-pricing-and-product-gtm-strategy-london-412948,2026-10-03T14:13:08Z,
arbeitnow_senior-product-owner-digital-products-hamburg-319407,(Senior) Product Owner (m/w/d) Digital Products,Epay,"Hamburg, Germany",2026-10-03,"Product Management, Information Technology and Services, cadooz","Full time, mid-senior",,,,,,0,https://www.arbeitnow.com/jobs/companies/epay/senior-product-owner-digital-products-hamburg-319407,2026-10-03T14:13:08Z,
arbeitnow_senior-qpu-design-engineer-oxford-158799,Senior QPU Design Engineer,ionq,Oxford,2026-10-03,Compute - Engineering,,,Python,,,,1,https://www.arbeitnow.co.uk/jobs/companies/ionq/senior-qpu-design-engineer-oxford-158799,2026-10-03T14:13:08Z,
arbeitnow_senior-quantum-physicist-oxford-497022,Senior Quantum Physicist,ionq,Oxford,2026-10-03,Compute - Science,,,Python,,,,1,https://www.arbeitnow.co.uk/jobs/companies/ionq/senior-quantum-physicist-oxford-497022,2026-10-03T14:13:08Z,
arbeitnow_senior-software-engineer-agentic-ai-cambridge-421481,"Senior Software Engineer, Agentic AI",Roku,Cambridge,2026-10-03,206 - OS UI/SDK,,,Python,,,,1,https://www.arbeitnow.co.uk/jobs/companies/roku/senior-software-engineer-agentic-ai-cambridge-421481,2026-10-03T14:13:08Z,
arbeitnow_senior-software-engineer-c-net-london-89714,Senior Software Engineer (C# .NET) | London,TransPerfect,"London, Greater London, United Kingdom",2026-10-03,Engineering,"Mid, fulltime permanent",,SQL,,,,1,https://www.arbeitnow.co.uk/jobs/companies/transperfect/senior-software-engineer-c-net-london-89714,2026-10-03T14:13:08Z,
arbeitnow_senior-software-engineer-munchen-81671-88139,Senior Software Engineer (m/f/x),Appliedai,München (81671),2026-10-03,,"Experienced, Permanent, Full time",,Python,,,,1,https://www.arbeitnow.com/jobs/companies/appliedai/senior-software-engineer-munchen-81671-88139,2026-10-03T14:13:08Z,
arbeitnow_senior-software-engineer-non-realtime-controllers-oxford-71503,"Senior Software Engineer, Non-Realtime Controllers",ionq,Oxford,2026-10-03,Compute - Engineering,,,,,,,0,https://www.arbeitnow.co.uk/jobs/companies/ionq/senior-software-engineer-non-realtime-controllers-oxford-71503,2026-10-03T14:13:08Z,
arbeitnow_senior-software-engineer-platform-london-201941,"Senior Software Engineer, Platform",Astronomer,London,2026-10-03,Engineering,Full Time,,Python,,,,1,https://www.arbeitnow.co.uk/jobs/companies/astronomer/senior-software-engineer-platform-london-201941,2026-10-03T14:13:08Z,
arbeitnow_senior-software-engineer-support-integration-c-digital-patient-model-munchen-340245,"Senior Software Engineer, Support & Integration (C++) – Digital Patient Model",Snke,München,2026-10-03,,"Experienced, Permanent, Full time",,Python,,,,1,https://www.arbeitnow.com/jobs/companies/snke/senior-software-engineer-support-integration-c-digital-patient-model-munchen-340245,2026-10-03T14:13:08Z,
arbeitnow_senior-software-engineering-manager-global-billing-payments-api-bristol-edinburgh-london-314377,"Senior Software Engineering Manager (Global Billing, Payments & API )",Kaluza,Bristol; Edinburgh; London,2026-10-03,Engineering,,,,,,,0,https://www.arbeitnow.co.uk/jobs/companies/kaluza/senior-software-engineering-manager-global-billing-payments-api-bristol-edinburgh-london-314377,2026-10-03T14:13:08Z,
arbeitnow_senior-solutions-engineer-317888,Senior Solutions Engineer,Twilio,,2026-10-03,Solutions Engineering,,,Python,,,,1,https://www.arbeitnow.co.uk/jobs/companies/twilio/senior-solutions-engineer-317888,2026-10-03T14:13:08Z,
arbeitnow_senior-staff-analog-mixed-signal-design-and-modelling-engineer-oxford-185194,Senior Staff Analog Mixed-Signal Design and Modelling Engineer,ionq,Oxford,2026-10-03,Compute - Engineering,,,Python,,,,1,https://www.arbeitnow.co.uk/jobs/companies/ionq/senior-staff-analog-mixed-signal-design-and-modelling-engineer-oxford-185194,2026-10-03T14:13:08Z,
arbeitnow_senior-technical-program-manager-sydney-australia-24620,Senior Technical Program Manager,Firmus,"Sydney, Australia",2026-10-03,Technology,,,,,,,0,https://www.arbeitnow.co.uk/jobs/companies/firmus/senior-technical-program-manager-sydney-australia-24620,2026-10-03T14:13:08Z,
arbeitnow_senior-technical-program-manager-sydney-australia-308607,Senior Technical Program Manager,Andurilindustries,"Sydney, Australia",2026-10-03,Maritime & Maneuver Dominance : Undersea Dominance - Engineering & Operations : Program & Product Management,,,,,,,0,https://www.arbeitnow.co.uk/jobs/companies/andurilindustries/senior-technical-program-manager-sydney-australia-308607,2026-10-03T14:13:08Z,
arbeitnow_senior-technical-recruiter-bracknell-326022,Senior Technical Recruiter,Menlosecurity,EMEA - U.K.,2026-10-03,G&A,Full Time,,,,,,0,https://www.arbeitnow.co.uk/jobs/companies/menlosecurity/senior-technical-recruiter-bracknell-326022,2026-10-03T14:13:08Z,
arbeitnow_senior-ux-design-engineer-london-39634,Senior UX Design Engineer,Orbital,London,2026-10-03,Product,Full Time,,,,,,0,https://www.arbeitnow.co.uk/jobs/companies/orbital/senior-ux-design-engineer-london-39634,2026-10-03T14:13:08Z,
arbeitnow_senior-web-engineer-react-remote-friendly-berlin-251026,Senior Web Engineer (React) - Remote friendly,Qonto,Berlin,2026-10-03,Web,Full-time,,,,,,0,https://www.arbeitnow.com/jobs/companies/qonto/senior-web-engineer-react-remote-friendly-berlin-251026,2026-10-03T14:13:08Z,
arbeitnow_software-developer-all-genders-augsburg-113615,Software Developer (all genders),Meteocontrol,Augsburg,2026-10-03,,"Experienced, Permanent, Full time",,,,,,0,https://www.arbeitnow.com/jobs/companies/meteocontrol/software-developer-all-genders-augsburg-113615,2026-10-03T14:13:08Z,
arbeitnow_software-engineer-all-genders-munchen-75270,Software Engineer (all genders),Raysono,München,2026-10-03,,"Experienced, Permanent, Full time",,,,,,0,https://www.arbeitnow.com/jobs/companies/raysono/software-engineer-all-genders-munchen-75270,2026-10-03T14:13:08Z,
arbeitnow_software-engineer-applications-and-user-interface-oxford-110088,Software Engineer – Applications and User Interface,Salience Labs,"Oxford, United Kingdom",2026-10-03,Teamtailor Import Team,Full Time,,Python,,,,1,https://www.arbeitnow.co.uk/jobs/companies/salience-labs/software-engineer-applications-and-user-interface-oxford-110088,2026-10-03T14:13:08Z,
arbeitnow_software-engineer-command-centre-frontend-ui-ux-zurich-339034,"Software Engineer, Command Centre (Frontend & UI/UX)",Laelaps,"Zürich, Switzerland",2026-10-03,Engineering,Full Time,,,,,,0,https://www.arbeitnow.ch/jobs/companies/laelaps/software-engineer-command-centre-frontend-ui-ux-zurich-339034,2026-10-03T14:13:08Z,
arbeitnow_software-engineer-intern-industrialization-zurich-70030,Software Engineer Intern - Industrialization,Anybotics,Zurich,2026-10-03,Industrialization,Internship,,Python,,,,1,https://www.arbeitnow.ch/jobs/companies/anybotics/software-engineer-intern-industrialization-zurich-70030,2026-10-03T14:13:08Z,
arbeitnow_software-engineer-robot-autonomy-reliability-test-infrastructure-zurich-362461,"Software Engineer, Robot Autonomy (Reliability & Test Infrastructure)",Laelaps,"Zürich, Switzerland",2026-10-03,Engineering,Full Time,,Python,,,,1,https://www.arbeitnow.ch/jobs/companies/laelaps/software-engineer-robot-autonomy-reliability-test-infrastructure-zurich-362461,2026-10-03T14:13:08Z,
arbeitnow_software-engineer-runtime-oxford-397451,"Software Engineer, Runtime",ionq,Oxford,2026-10-03,Compute - Engineering,,,,,,,0,https://www.arbeitnow.co.uk/jobs/companies/ionq/software-engineer-runtime-oxford-397451,2026-10-03T14:13:08Z,
arbeitnow_software-engineer-simulation-digital-twins-zurich-198101,"Software Engineer, Simulation (Digital Twins)",Laelaps,"Zürich, Switzerland",2026-10-03,Engineering,Full Time,,Python,,,,1,https://www.arbeitnow.ch/jobs/companies/laelaps/software-engineer-simulation-digital-twins-zurich-198101,2026-10-03T14:13:08Z,
arbeitnow_softwareentwickler-frontend-angular-nurnberg-345076,Softwareentwickler Frontend / Angular (m/w/d),Allgeier Inovar Gmbh,Nürnberg,2026-10-03,"Angular, JavaScript, Frontend, Webclients, Softwarearchitektur, Scrum, KI, Produktentwicklung","Experienced, Permanent, Full time",,,,,,0,https://www.arbeitnow.com/jobs/companies/allgeier-inovar-gmbh/softwareentwickler-frontend-angular-nurnberg-345076,2026-10-03T14:13:08Z,
arbeitnow_solution-architect-gilching-260250,Solution Architect (m/f/d),Quantum-Systems GmbH,"Gilching, Bayern, Germany",2026-10-03,"Customer Success, Support & Training","Mid, fulltime permanent",,,,,,0,https://www.arbeitnow.com/jobs/companies/quantum-systems-gmbh/solution-architect-gilching-260250,2026-10-03T14:13:08Z,
arbeitnow_solution-engineer-100-a-steinhausen-153065,Solution Engineer 100% (a),Brandleadership,Steinhausen,2026-10-03,,"Experienced, Permanent, Full time",,,,,,0,https://www.arbeitnow.ch/jobs/companies/brandleadership/solution-engineer-100-a-steinhausen-153065,2026-10-03T14:13:08Z,
arbeitnow_solutions-consultant-london-hybrid-338044,"Solutions Consultant (London, Hybrid)",Dualentry,"London, UK (Hybrid)",2026-10-03,Sales,Full Time,,"SQL, Python",,,,1,https://www.arbeitnow.co.uk/jobs/companies/dualentry/solutions-consultant-london-hybrid-338044,2026-10-03T14:13:08Z,
arbeitnow_solutions-engineer-495494,Solutions Engineer,Nscaleoperationsukltd,,2026-10-03,Pre Sales & Customer Experience,,,,,,,1,https://www.arbeitnow.co.uk/jobs/companies/nscaleoperationsukltd/solutions-engineer-495494,2026-10-03T14:13:08Z,
arbeitnow_solutions-engineer-london-412331,Solutions Engineer,Encord,London,2026-10-03,GTM,Full Time,,Python,,,,1,https://www.arbeitnow.co.uk/jobs/companies/encord/solutions-engineer-london-412331,2026-10-03T14:13:08Z,
arbeitnow_sr-engineering-manager-precompute-edinburgh-30455,"Sr. Engineering Manager, Precompute",Addepar1,Edinburgh,2026-10-03,Data Architecture & Integration,,,,,,,1,https://www.arbeitnow.co.uk/jobs/companies/addepar1/sr-engineering-manager-precompute-edinburgh-30455,2026-10-03T14:13:08Z,
arbeitnow_sr-security-engineer-grc-fintech-financial-services-eu-uk-london-431977,Sr. Security Engineer - GRC Fintech & Financial Services EU/UK,Xai,London,2026-10-03,Information Security,,,,,,,0,https://www.arbeitnow.co.uk/jobs/companies/xai/sr-security-engineer-grc-fintech-financial-services-eu-uk-london-431977,2026-10-03T14:13:08Z,
arbeitnow_srenterprise-account-executive-munich-451497,Sr.Enterprise Account Executive  - Munich,neo4j,,2026-10-03,Direct Field Sales,,,SQL,,,,1,https://www.arbeitnow.com/jobs/companies/neo4j/srenterprise-account-executive-munich-451497,2026-10-03T14:13:08Z,
arbeitnow_staff-ai-ml-engineer-all-berlin-296554,Staff AI/ML Engineer (all),Xolife,Berlin,2026-10-03,"Machine Learning, ML, GenAI, AI, Artificial Intelligence, LLM","Experienced, Permanent, Full time",,,,,,1,https://www.arbeitnow.com/jobs/companies/xolife/staff-ai-ml-engineer-all-berlin-296554,2026-10-03T14:13:08Z,
arbeitnow_staff-data-engineer-germany-391447,Staff Data Engineer,Jupus,Germany,2026-10-03,Engineering,Full Time,,"SQL, Python, dbt",,,,1,https://www.arbeitnow.com/jobs/companies/jupus/staff-data-engineer-germany-391447,2026-10-03T14:13:08Z,
arbeitnow_staff-data-engineer-london-hybrid-446234,Staff Data Engineer,MoonPay,London - Hybrid,2026-10-03,Software Engineering,Full-time,,"SQL, Python",,,,1,https://www.arbeitnow.co.uk/jobs/companies/moonpay/staff-data-engineer-london-hybrid-446234,2026-10-03T14:13:08Z,
arbeitnow_staff-engineer-global-billing-payments-api-bristol-edinburgh-london-302655,"Staff Engineer (Global Billing, Payments & API)",Kaluza,Bristol; Edinburgh; London,2026-10-03,Engineering,,,,,,,0,https://www.arbeitnow.co.uk/jobs/companies/kaluza/staff-engineer-global-billing-payments-api-bristol-edinburgh-london-302655,2026-10-03T14:13:08Z,
arbeitnow_staff-perception-munich-417776,Staff Perception,Se3,Munich,2026-10-03,Software,Full Time,,Excel,,,,1,https://www.arbeitnow.com/jobs/companies/se3/staff-perception-munich-417776,2026-10-03T14:13:08Z,
arbeitnow_staff-senior-software-engineer-hydris-golang-berlin-81100,Staff/Senior Software Engineer - Hydris - Golang (d/f/m),Project Q,Berlin,2026-10-03,"golang, go, typescript, rust, staff engineer","Experienced, Permanent, Full time",,,,,,1,https://www.arbeitnow.com/jobs/companies/project-q/staff-senior-software-engineer-hydris-golang-berlin-81100,2026-10-03T14:13:08Z,
arbeitnow_staff-software-engineer-non-realtime-controllers-oxford-298086,"Staff Software Engineer, Non-Realtime Controllers",ionq,Oxford,2026-10-03,Compute - Engineering,,,,,,,0,https://www.arbeitnow.co.uk/jobs/companies/ionq/staff-software-engineer-non-realtime-controllers-oxford-298086,2026-10-03T14:13:08Z,
arbeitnow_staff-software-engineer-runtime-oxford-263421,"Staff Software Engineer, Runtime",ionq,Oxford,2026-10-03,Compute - Engineering,,,,,,,0,https://www.arbeitnow.co.uk/jobs/companies/ionq/staff-software-engineer-runtime-oxford-263421,2026-10-03T14:13:08Z,
arbeitnow_stage-assistante-chef-de-projet-marketing-retail-h-f-paris-189329,Stage - Assistant(e) Chef de Projet Marketing Retail (H/F),Sezane 3,"Paris, France",2026-10-03,Apparel & Fashion,,,,,,,0,https://www.arbeitnow.fr/jobs/companies/sezane-3/stage-assistante-chef-de-projet-marketing-retail-h-f-paris-189329,2026-10-03T14:13:08Z,
arbeitnow_stage-sales-development-representative-janvier-2027-paris-paris-357196,Stage - Sales Development Representative (x/f/m) - janvier 2027,Doctolib,"Paris, Paris",2026-10-03,Sales,,,,,,,0,https://www.arbeitnow.fr/jobs/companies/doctolib/stage-sales-development-representative-janvier-2027-paris-paris-357196,2026-10-03T14:13:08Z,
arbeitnow_steuerberater-in-droyssig-auf-wunsch-mit-partnerperspektive-gesucht-mindestens-90000eur-12572,"Steuerberater (m/w/d) in Droyßig, auf Wunsch mit Partnerperspektive, gesucht - mindestens 90.000€",Taxtalente.de,Droyßig,2026-10-03,"Directors, Chief Executives",,,,,,,0,https://www.arbeitnow.com/jobs/companies/taxtalentede/steuerberater-in-droyssig-auf-wunsch-mit-partnerperspektive-gesucht-mindestens-90000eur-12572,2026-10-03T14:13:08Z,
arbeitnow_steuerberater-in-hohenbrunn-auf-wunsch-mit-partnerperspektive-gesucht-mindestens-90000eur-128809,"Steuerberater (m/w/d) in Hohenbrunn, auf Wunsch mit Partnerperspektive, gesucht - mindestens 90.000€",Taxtalente.de,Hohenbrunn,2026-10-03,"Directors, Chief Executives",,,,,,,0,https://www.arbeitnow.com/jobs/companies/taxtalentede/steuerberater-in-hohenbrunn-auf-wunsch-mit-partnerperspektive-gesucht-mindestens-90000eur-128809,2026-10-03T14:13:08Z,
arbeitnow_steuerberater-in-immenreuth-auf-wunsch-mit-partnerperspektive-gesucht-mindestens-90000eur-219440,"Steuerberater (m/w/d) in Immenreuth, auf Wunsch mit Partnerperspektive, gesucht - mindestens 90.000€",Taxtalente.de,Immenreuth,2026-10-03,"Directors, Chief Executives",,,,,,,0,https://www.arbeitnow.com/jobs/companies/taxtalentede/steuerberater-in-immenreuth-auf-wunsch-mit-partnerperspektive-gesucht-mindestens-90000eur-219440,2026-10-03T14:13:08Z,
arbeitnow_steuerberater-in-karlstein-am-main-auf-wunsch-mit-partnerperspektive-gesucht-mindestens-90000eur-54331,"Steuerberater (m/w/d) in Karlstein am Main, auf Wunsch mit Partnerperspektive, gesucht - mindestens 90.000€",Taxtalente.de,Karlstein am Main,2026-10-03,"Directors, Chief Executives",,,,,,,0,https://www.arbeitnow.com/jobs/companies/taxtalentede/steuerberater-in-karlstein-am-main-auf-wunsch-mit-partnerperspektive-gesucht-mindestens-90000eur-54331,2026-10-03T14:13:08Z,
arbeitnow_steuerberater-in-leiferde-auf-wunsch-mit-partnerperspektive-gesucht-mindestens-90000eur-220747,"Steuerberater (m/w/d) in Leiferde, auf Wunsch mit Partnerperspektive, gesucht - mindestens 90.000€",Taxtalente.de,Leiferde,2026-10-03,"Directors, Chief Executives",,,,,,,0,https://www.arbeitnow.com/jobs/companies/taxtalentede/steuerberater-in-leiferde-auf-wunsch-mit-partnerperspektive-gesucht-mindestens-90000eur-220747,2026-10-03T14:13:08Z,
arbeitnow_steuerberater-in-nauort-auf-wunsch-mit-partnerperspektive-gesucht-mindestens-90000eur-484091,"Steuerberater (m/w/d) in Nauort, auf Wunsch mit Partnerperspektive, gesucht - mindestens 90.000€",Taxtalente.de,Nauort,2026-10-03,"Directors, Chief Executives",,,,,,,0,https://www.arbeitnow.com/jobs/companies/taxtalentede/steuerberater-in-nauort-auf-wunsch-mit-partnerperspektive-gesucht-mindestens-90000eur-484091,2026-10-03T14:13:08Z,
arbeitnow_steuerberater-in-panketal-auf-wunsch-mit-partnerperspektive-gesucht-mindestens-90000eur-131625,"Steuerberater (m/w/d) in Panketal, auf Wunsch mit Partnerperspektive, gesucht - mindestens 90.000€",Taxtalente.de,Panketal,2026-10-03,"Directors, Chief Executives",,,,,,,0,https://www.arbeitnow.com/jobs/companies/taxtalentede/steuerberater-in-panketal-auf-wunsch-mit-partnerperspektive-gesucht-mindestens-90000eur-131625,2026-10-03T14:13:08Z,
arbeitnow_steuerberater-in-steinfeld-auf-wunsch-mit-partnerperspektive-gesucht-mindestens-90000eur-13016,"Steuerberater (m/w/d) in Steinfeld, auf Wunsch mit Partnerperspektive, gesucht - mindestens 90.000€",Taxtalente.de,Steinfeld,2026-10-03,"Directors, Chief Executives",,,,,,,0,https://www.arbeitnow.com/jobs/companies/taxtalentede/steuerberater-in-steinfeld-auf-wunsch-mit-partnerperspektive-gesucht-mindestens-90000eur-13016,2026-10-03T14:13:08Z,
arbeitnow_steuerfachwirtin-munich-361509,Steuerfachwirt:in (w/m/d),Skalar,München,2026-10-03,Tax Operations,Full Time,,,,,,0,https://www.arbeitnow.com/jobs/companies/skalar/steuerfachwirtin-munich-361509,2026-10-03T14:13:08Z,
arbeitnow_supply-chain-tech-center-of-excellence-257175,Supply Chain Tech - Center of Excellence,Cognite,,2026-10-03,Center of Excellence,,,"SQL, Python, Snowflake",,,,1,https://www.arbeitnow.com/jobs/companies/cognite/supply-chain-tech-center-of-excellence-257175,2026-10-03T14:13:08Z,
arbeitnow_systemadministrator-hamburg-303565,Systemadministrator (m/w/d),Webgo Gmbh,Hamburg,2026-10-03,"Server, Linux, Monitoring, Virtualisierung, Mail, Datenbanken","Experienced, Permanent, Full time",,,,,,0,https://www.arbeitnow.com/jobs/companies/webgo-gmbh/systemadministrator-hamburg-303565,2026-10-03T14:13:08Z,
arbeitnow_talent-acquisition-officer-lyon-candidats-internes-274222,Talent Acquisition Officer (H/F/X) - Lyon - Candidats internes,Hi,"Lyon, France",2026-10-03,Human Resources,,,,,,,0,https://www.arbeitnow.fr/jobs/companies/hi/talent-acquisition-officer-lyon-candidats-internes-274222,2026-10-03T14:13:08Z,
arbeitnow_talent-acquisition-partner-tech-berlin-165507,Talent Acquisition Partner - Tech (f/m/x),Data4Life,Berlin,2026-10-03,"Technical Recruiter, Tech Recruiter, Direct Search, Recruiting","Experienced, Permanent, Full or part time",,Python,,,,1,https://www.arbeitnow.com/jobs/companies/data4life/talent-acquisition-partner-tech-berlin-165507,2026-10-03T14:13:08Z,
arbeitnow_team-lead-field-sales-bochum-82461,Team Lead (m/w/d) Field Sales - Bochum,Salonkee,Deutschland / Bochum,2026-10-03,Sales,Full Time,,,,,,0,https://www.arbeitnow.com/jobs/companies/salonkee/team-lead-field-sales-bochum-82461,2026-10-03T14:13:08Z,
arbeitnow_team-lead-field-sales-dortmund-407913,Team Lead (m/w/d) Field Sales - Dortmund,Salonkee,Deutschland / Dortmund,2026-10-03,Sales,Full Time,,,,,,0,https://www.arbeitnow.com/jobs/companies/salonkee/team-lead-field-sales-dortmund-407913,2026-10-03T14:13:08Z,
arbeitnow_team-lead-field-sales-koln-325827,Team Lead (m/w/d) Field Sales - Köln,Salonkee,Deutschland / Köln,2026-10-03,Sales,Full Time,,,,,,0,https://www.arbeitnow.com/jobs/companies/salonkee/team-lead-field-sales-koln-325827,2026-10-03T14:13:08Z,
arbeitnow_teamleiter-immobilienverwaltung-berlin-371203,Teamleiter Immobilienverwaltung (m/w/d),Buena,Berlin,2026-10-03,Operations,Full Time,,Excel,,,,1,https://www.arbeitnow.com/jobs/companies/buena/teamleiter-immobilienverwaltung-berlin-371203,2026-10-03T14:13:08Z,
arbeitnow_technical-site-reliability-engineer-london-128076,Technical Site Reliability Engineer,Andurilindustries,London,2026-10-03,Maritime & Maneuver Dominance : Maneuver Dominance Engineering : MD - Advanced Capabilities,,,Python,,,,1,https://www.arbeitnow.co.uk/jobs/companies/andurilindustries/technical-site-reliability-engineer-london-128076,2026-10-03T14:13:08Z,
arbeitnow_technical-support-specialist-hospitality-german-speaking-all-genders-berlin-101814,"Technical Support Specialist, Hospitality - German speaking (all genders)",Lightspeedhq,Berlin,2026-10-03,Customers,Full Time,,,,,,0,https://www.arbeitnow.com/jobs/companies/lightspeedhq/technical-support-specialist-hospitality-german-speaking-all-genders-berlin-101814,2026-10-03T14:13:08Z,
arbeitnow_testmanager-sap-successfactors-munchen-229499,Testmanager SAP SuccessFactors (m/w/d),Qualysoft,München,2026-10-03,SAP,Contract,,,,,,0,https://www.arbeitnow.com/jobs/companies/qualysoft/testmanager-sap-successfactors-munchen-229499,2026-10-03T14:13:08Z,
arbeitnow_tracking-specialist-intern-paris-112649,Tracking Specialist Intern,Backmarket,Paris,2026-10-03,INTERNSHIPS,Intern,,SQL,,,,1,https://www.arbeitnow.fr/jobs/companies/backmarket/tracking-specialist-intern-paris-112649,2026-10-03T14:13:08Z,
arbeitnow_trainee-vertrieb-sales-berlin-442715,Trainee Vertrieb / Sales (m/w/d),Shyftplan,Berlin,2026-10-03,"Startup, Trainee, Traineeship, Junior, Sales, Vertrieb, BizDev","Entry, Trainee, Full time",,,,,,0,https://www.arbeitnow.com/jobs/companies/shyftplan/trainee-vertrieb-sales-berlin-442715,2026-10-03T14:13:08Z,
arbeitnow_transformation-analyst-london-347147,Transformation Analyst,Accurx,London (Shoreditch),2026-10-03,Go-To-Market,Full Time,,Excel,,,,1,https://www.arbeitnow.co.uk/jobs/companies/accurx/transformation-analyst-london-347147,2026-10-03T14:13:08Z,
arbeitnow_vehicle-integration-technician-london-336347,Vehicle Integration Technician,Hive Autonomy,London,2026-10-03,Technology,Full Time,,,,,,0,https://www.arbeitnow.co.uk/jobs/companies/hive-autonomy/vehicle-integration-technician-london-336347,2026-10-03T14:13:08Z,
arbeitnow_verfahrensingenieur-prozessingenieur-fur-wasseraufbereitungs-und-dosiertechnik-wurzburg-475525,Verfahrensingenieur / Prozessingenieur für Wasseraufbereitungs- und Dosiertechnik (m/w/d),Dr. Herbert Executive Consultants,Würzburg,2026-10-03,Process Engineering,,,,,,,0,https://www.arbeitnow.com/jobs/companies/dr-herbert-executive-consultants/verfahrensingenieur-prozessingenieur-fur-wasseraufbereitungs-und-dosiertechnik-wurzburg-475525,2026-10-03T14:13:08Z,
arbeitnow_verfahrensingenieur-wasseraufbereitung-und-dosieranlagen-wurzburg-217165,Verfahrensingenieur - Wasseraufbereitung und Dosieranlagen (m/w/d),Dr. Herbert Executive Consultants,Würzburg,2026-10-03,Process Engineering,,,,,,,0,https://www.arbeitnow.com/jobs/companies/dr-herbert-executive-consultants/verfahrensingenieur-wasseraufbereitung-und-dosieranlagen-wurzburg-217165,2026-10-03T14:13:08Z,
arbeitnow_web-visual-design-internship-all-genders-munich-75362,Web & Visual Design Internship (all genders),Lio,Munich Office,2026-10-03,Go-To-Market,Intern,,,,,,0,https://www.arbeitnow.com/jobs/companies/lio/web-visual-design-internship-all-genders-munich-75362,2026-10-03T14:13:08Z,
arbeitnow_werkstudent-im-bereich-legal-compliance-berlin-172613,Werkstudent im Bereich Legal / Compliance (d/m/w),Nyala,Berlin,2026-10-03,"Compliance, Legal, Werkstudent, Tokenization","Student, Working student, Part time",,,,,,0,https://www.arbeitnow.com/jobs/companies/nyala/werkstudent-im-bereich-legal-compliance-berlin-172613,2026-10-03T14:13:08Z,
arbeitnow_werkstudent-praktikant-finance-accounting-munchen-423064,Werkstudent / Praktikant Finance & Accounting (m/w/d),Snke,München,2026-10-03,,"Student, Intern, Part time",,Excel,,,,1,https://www.arbeitnow.com/jobs/companies/snke/werkstudent-praktikant-finance-accounting-munchen-423064,2026-10-03T14:13:08Z,
arbeitnow_werkstudentin-customer-care-operations-munchen-104015,Werkstudent:in Customer Care & Operations (m/w/d),Nuuenergy,München,2026-10-03,"Operations, Operations Manager, Operations Excellence, Commercial Control, Projektmanagement","Experienced, Permanent, Full time",,,,,,0,https://www.arbeitnow.com/jobs/companies/nuuenergy/werkstudentin-customer-care-operations-munchen-104015,2026-10-03T14:13:08Z,
arbeitnow_werkstudentin-im-projektmanagement-munchen-120449,Werkstudent*in im Projektmanagement,Doo,München,2026-10-03,"Projektmanagement, CSS, HTML, Werkstudent, Product Consulting, JavaScript, Engineering, Make, Webentwicklung","Entry, Intern, Part time",,,,,,0,https://www.arbeitnow.com/jobs/companies/doo/werkstudentin-im-projektmanagement-munchen-120449,2026-10-03T14:13:08Z,
arbeitnow_working-student-customer-service-support-munchen-344280,Working Student - Customer Service & Support,Snke,München,2026-10-03,,"Student, Intern, Part time",,,,,,0,https://www.arbeitnow.com/jobs/companies/snke/working-student-customer-service-support-munchen-344280,2026-10-03T14:13:08Z,
arbeitnow_working-student-gn-purchasing-germany-production-plant-fulda-366761,Working Student (gn) Purchasing,Vercore,Germany - Production Plant Fulda,2026-10-03,join,"Entry, Working student, Part time",,Excel,,,,1,https://www.arbeitnow.com/jobs/companies/vercore/working-student-gn-purchasing-germany-production-plant-fulda-366761,2026-10-03T14:13:08Z,
arbeitnow_working-student-healthcare-sales-heidelberg-451040,Working Student - Healthcare Sales,Snke,Heidelberg,2026-10-03,,"Student, Working student, Part time",,,,,,0,https://www.arbeitnow.com/jobs/companies/snke/working-student-healthcare-sales-heidelberg-451040,2026-10-03T14:13:08Z,
arbeitnow_working-student-hr-quantum-frontline-industries-qfi-gilching-302650,Working Student HR (m/f/d) - Quantum Frontline Industries,Quantum-Systems GmbH,"QFI Gilching, Bayern, Germany",2026-10-03,People & Finance,"Mid, fulltime permanent",,Excel,,,,1,https://www.arbeitnow.com/jobs/companies/quantum-systems-gmbh/working-student-hr-quantum-frontline-industries-qfi-gilching-302650,2026-10-03T14:13:08Z,
arbeitnow_working-student-privacy-engineering-compliance-automation-munich-208965,Working Student - Privacy Engineering & Compliance Automation (f/m/d),TYTAN Technologies GmbH,"Munich, Bayern, Germany",2026-10-03,Engineering,"Student college, parttime fixed term",,SQL,,,,1,https://www.arbeitnow.com/jobs/companies/tytan-technologies-gmbh/working-student-privacy-engineering-compliance-automation-munich-208965,2026-10-03T14:13:08Z,
arbeitnow_working-student-release-support-and-automation-munchen-34302,Working Student – Release Support and Automation,Snke,München,2026-10-03,,"Student, Intern, Part time",,,,,,0,https://www.arbeitnow.com/jobs/companies/snke/working-student-release-support-and-automation-munchen-34302,2026-10-03T14:13:08Z,
jobicy_144915,Onboarding Project Manager,Cloudbeds,Europe,2026-10-03,Product & Operations,Full-Time,Midweight,,,,,1,https://jobicy.com/jobs/144915-onboarding-project-manager,2026-10-03T14:13:07Z,
jobicy_147870,Senior Payroll Analyst,DoorDash,USA,2026-10-03,Finance & Accounting,Full-Time,Senior,"SQL, Tableau, Excel",95200.0,140000.0,USD,1,https://jobicy.com/jobs/147870-senior-payroll-analyst,2026-10-03T14:13:07Z,117600.0
jobicy_148113,Accounts Receivable Clerk,Canonical,EMEA,2026-10-03,Finance & Accounting,Full-Time,Any,,,,,0,https://jobicy.com/jobs/148113-accounts-receivable-clerk,2026-10-03T14:13:07Z,
jobicy_148143,"Senior Software Engineer, Storage",Reddit,USA,2026-10-03,Software Engineering,Full-Time,Senior,Python,217000.0,303900.0,USD,1,https://jobicy.com/jobs/148143-senior-software-engineer-storage,2026-10-03T14:13:07Z,260450.0
jobicy_148145,Senior Solutions Architect - ACE,Aviatrix,USA,2026-10-03,Software Engineering,Full-Time,Senior,,121829.0,143328.0,USD,0,https://jobicy.com/jobs/148145-senior-solutions-architect-ace,2026-10-03T14:13:07Z,132578.5
jobicy_149924,Regional SDR Director,Canonical,"APAC,  EMEA,  LATAM,  Canada,  USA",2026-10-03,Sales,Full-Time,Director,,,,,1,https://jobicy.com/jobs/149924-regional-sdr-director,2026-10-03T14:13:07Z,
jobicy_149933,Legal Consultant - M&A (Part-time),Axiom,"APAC,  Singapore",2026-10-03,Legal & Compliance,Part-Time,Senior,,,,,0,https://jobicy.com/jobs/149933-legal-consultant-ma-part-time,2026-10-03T14:13:07Z,
jobicy_149939,GitOps Engineering Manager,Canonical,"APAC,  EMEA",2026-10-03,DevOps & Infrastructure,Full-Time,Midweight,Excel,,,,1,https://jobicy.com/jobs/149939-gitops-engineering-manager,2026-10-03T14:13:07Z,
jobicy_149940,Ubuntu Linux Kernel Engineer - BIOS/Firmware,Canonical,APAC,2026-10-03,Software Engineering,Full-Time,Senior,Python,,,,1,https://jobicy.com/jobs/149940-ubuntu-linux-kernel-engineer-bios-firmware,2026-10-03T14:13:07Z,
jobicy_149941,Marketing Associate,Canonical,"APAC,  EMEA,  LATAM,  Canada,  USA",2026-10-03,Marketing & Sales,Full-Time,"Entry-Level, Junior",,,,,0,https://jobicy.com/jobs/149941-marketing-associate,2026-10-03T14:13:07Z,
jobicy_149942,"Channel Partner Sales Executive, Japan",Canonical,APAC,2026-10-03,Sales,Full-Time,Director,,,,,0,https://jobicy.com/jobs/149942-channel-partner-sales-executive-japan,2026-10-03T14:13:07Z,
jobicy_149943,Enterprise Customer Success Manager (Japanese speaker),Canonical,APAC,2026-10-03,Customer Support & Success,Full-Time,Midweight,,,,,0,https://jobicy.com/jobs/149943-enterprise-customer-success-manager-japanese-speaker,2026-10-03T14:13:07Z,
jobicy_149947,Electrical Engineer- Data Centers,Nebius,Europe,2026-10-03,Software Engineering,Full-Time,Senior,,,,,0,https://jobicy.com/jobs/149947-electrical-engineer-data-centers,2026-10-03T14:13:07Z,
jobicy_149957,Product Marketing Lead - Trade,Consensys,"EMEA,  LATAM,  USA",2026-10-03,Marketing & Sales,Full-Time,Senior,,146000.0,220000.0,USD,1,https://jobicy.com/jobs/149957-product-marketing-lead-trade,2026-10-03T14:13:07Z,183000.0
jobicy_149961,Senior Organisational Development Practitioner,Canonical,"EMEA,  LATAM,  Canada,  USA",2026-10-03,HR & Recruiting,Full-Time,Senior,,,,,0,https://jobicy.com/jobs/149961-senior-organisational-development-practitioner,2026-10-03T14:13:07Z,
jobicy_149965,Senior Product Marketing Manager,RevenueCat,"APAC,  EMEA,  LATAM,  Canada,  USA",2026-10-03,Marketing & Sales,Full-Time,Senior,,214000.0,214000.0,USD,0,https://jobicy.com/jobs/149965-senior-product-marketing-manager-2,2026-10-03T14:13:07Z,214000.0
jobicy_149966,"Manager, People Analytics",Canonical,"EMEA,  LATAM,  Canada,  USA",2026-10-03,HR & Recruiting,Full-Time,Midweight,"SQL, Python, Tableau",,,,1,https://jobicy.com/jobs/149966-manager-people-analytics,2026-10-03T14:13:07Z,
jobicy_149969,Linux devices software engineer - snapd,Canonical,"EMEA,  LATAM,  Canada,  USA",2026-10-03,Software Engineering,Full-Time,Senior,Python,,,,1,https://jobicy.com/jobs/149969-linux-devices-software-engineer-snapd,2026-10-03T14:13:07Z,
jobicy_149970,Engineering Manager- Ceph & Distributed Storage,Canonical,"EMEA,  LATAM,  Canada,  USA",2026-10-03,Software Engineering,Full-Time,Midweight,Python,,,,1,https://jobicy.com/jobs/149970-engineering-manager-ceph-distributed-storage,2026-10-03T14:13:07Z,
jobicy_149971,Software Engineer - Data Infrastructure,Canonical,EMEA,2026-10-03,Software Engineering,Full-Time,Senior,"SQL, Python",,,,1,https://jobicy.com/jobs/149971-software-engineer-data-infrastructure,2026-10-03T14:13:07Z,
jobicy_149972,"Software Engineer, Ceph & Distributed Storage",Canonical,"EMEA,  LATAM,  Canada,  USA",2026-10-03,Software Engineering,Full-Time,Any,Python,,,,1,https://jobicy.com/jobs/149972-software-engineer-ceph-distributed-storage,2026-10-03T14:13:07Z,
jobicy_149973,Software Engineering Manager - Container and Virtualisation Infrastructure,Canonical,"EMEA,  LATAM,  Canada,  USA",2026-10-03,Software Engineering,Full-Time,Midweight,,,,,0,https://jobicy.com/jobs/149973-software-engineering-manager-container-and-virtualisation-infrastructure,2026-10-03T14:13:07Z,
jobicy_149974,Senior Software Engineer - Python/MongoDB,Canonical,EMEA,2026-10-03,Software Engineering,Full-Time,Senior,Python,,,,1,https://jobicy.com/jobs/149974-senior-software-engineer-python-mongodb,2026-10-03T14:13:07Z,
jobicy_149975,Senior Ubuntu Embedded IoT System Engineer,Canonical,EMEA,2026-10-03,Software Engineering,Full-Time,Senior,Python,,,,1,https://jobicy.com/jobs/149975-senior-ubuntu-embedded-iot-system-engineer,2026-10-03T14:13:07Z,
jobicy_149976,Engineering Manager - Web,Canonical,EMEA,2026-10-03,Software Engineering,Full-Time,Midweight,,,,,0,https://jobicy.com/jobs/149976-engineering-manager-web,2026-10-03T14:13:07Z,
jobicy_149977,Senior HR Generalist - EMEA,Canonical,EMEA,2026-10-03,HR & Recruiting,Full-Time,Senior,,,,,0,https://jobicy.com/jobs/149977-senior-hr-generalist-emea,2026-10-03T14:13:07Z,
jobicy_149978,Software Engineer - Cloud Images,Canonical,"EMEA,  LATAM,  Canada,  USA",2026-10-03,Software Engineering,Full-Time,Senior,Python,,,,1,https://jobicy.com/jobs/149978-software-engineer-cloud-images,2026-10-03T14:13:07Z,
jobicy_149979,Information Systems - Open Source Technical Architect,Canonical,EMEA,2026-10-03,DevOps & Infrastructure,Full-Time,Senior,,,,,0,https://jobicy.com/jobs/149979-information-systems-open-source-technical-architect,2026-10-03T14:13:07Z,
jobicy_149980,Engineering Manager for IAM (Identity and Access Management),Canonical,"EMEA,  LATAM,  Canada,  USA",2026-10-03,Software Engineering,Full-Time,Midweight,Python,,,,1,https://jobicy.com/jobs/149980-engineering-manager-for-iam-identity-and-access-management,2026-10-03T14:13:07Z,
jobicy_149981,Software Architect - Containers / Virtualisation,Canonical,"EMEA,  LATAM,  Canada,  USA",2026-10-03,Software Engineering,Full-Time,Senior,,,,,0,https://jobicy.com/jobs/149981-software-architect-containers-virtualisation,2026-10-03T14:13:07Z,
jobicy_149982,Silicon Alliances Ecosystem Development Manager,Canonical,"EMEA,  LATAM,  Canada,  USA",2026-10-03,Business Development,Full-Time,Midweight,,,,,1,https://jobicy.com/jobs/149982-silicon-alliances-ecosystem-development-manager,2026-10-03T14:13:07Z,
jobicy_149983,Design Manager (Visual),Canonical,EMEA,2026-10-03,Creative & Design,Full-Time,Midweight,Excel,,,,1,https://jobicy.com/jobs/149983-design-manager-visual,2026-10-03T14:13:07Z,
jobicy_149984,"Golang Engineering Manager, Commercial Systems",Canonical,EMEA,2026-10-03,Software Engineering,Full-Time,Midweight,Python,,,,1,https://jobicy.com/jobs/149984-golang-engineering-manager-commercial-systems,2026-10-03T14:13:07Z,
jobicy_149985,"Engineering Manager - Public Cloud, Python, Golang",Canonical,"EMEA,  LATAM,  Canada,  USA",2026-10-03,Software Engineering,Full-Time,Midweight,Python,,,,1,https://jobicy.com/jobs/149985-engineering-manager-public-cloud-python-golang,2026-10-03T14:13:07Z,
jobicy_149986,Site Reliability Engineering Manager,Canonical,"APAC,  EMEA",2026-10-03,DevOps & Infrastructure,Full-Time,Midweight,Excel,,,,1,https://jobicy.com/jobs/149986-site-reliability-engineering-manager,2026-10-03T14:13:07Z,
jobicy_149987,"Director, Talent Analytics",Canonical,EMEA,2026-10-03,HR & Recruiting,Full-Time,Director,"SQL, Python",,,,1,https://jobicy.com/jobs/149987-director-talent-analytics,2026-10-03T14:13:07Z,
jobicy_149988,Software Engineer - Data Infrastructure - Kafka,Canonical,EMEA,2026-10-03,Software Engineering,Full-Time,Any,"SQL, Python",,,,1,https://jobicy.com/jobs/149988-software-engineer-data-infrastructure-kafka,2026-10-03T14:13:07Z,
jobicy_149989,"Python Engineering Manager, Commercial Systems",Canonical,EMEA,2026-10-03,Software Engineering,Full-Time,Midweight,Python,,,,1,https://jobicy.com/jobs/149989-python-engineering-manager-commercial-systems,2026-10-03T14:13:07Z,
jobicy_149990,Talent Scientist,Canonical,EMEA,2026-10-03,HR & Recruiting,Full-Time,Any,"SQL, Python",,,,1,https://jobicy.com/jobs/149990-talent-scientist,2026-10-03T14:13:07Z,
jobicy_149991,Tax Senior Associate,Canonical,"EMEA,  UK",2026-10-03,Finance & Accounting,Full-Time,Senior,,,,,0,https://jobicy.com/jobs/149991-tax-senior-associate,2026-10-03T14:13:07Z,
jobicy_149992,Graduate Talent Scientist,Canonical,EMEA,2026-10-03,HR & Recruiting,Full-Time,"Entry-Level, Junior","SQL, Python",,,,1,https://jobicy.com/jobs/149992-graduate-talent-scientist,2026-10-03T14:13:07Z,
jobicy_149993,Developer Relations Engineer,Canonical,"APAC,  EMEA",2026-10-03,Software Engineering,Full-Time,Any,,,,,0,https://jobicy.com/jobs/149993-developer-relations-engineer,2026-10-03T14:13:07Z,
jobicy_149994,Software Engineer - Data Infrastructure - OpenSearch/ElasticSearch,Canonical,EMEA,2026-10-03,Software Engineering,Full-Time,Senior,"SQL, Python",,,,1,https://jobicy.com/jobs/149994-software-engineer-data-infrastructure-opensearch-elasticsearch,2026-10-03T14:13:07Z,
jobicy_149995,Content marketing lead,Canonical,EMEA,2026-10-03,Marketing & Sales,Full-Time,Senior,,,,,1,https://jobicy.com/jobs/149995-content-marketing-lead,2026-10-03T14:13:07Z,
jobicy_149996,Ubuntu Core Software Engineer,Canonical,EMEA,2026-10-03,Software Engineering,Full-Time,Senior,,,,,0,https://jobicy.com/jobs/149996-ubuntu-core-software-engineer,2026-10-03T14:13:07Z,
jobicy_149997,Senior Design Manager (Infrastructure),Canonical,EMEA,2026-10-03,Creative & Design,Full-Time,Senior,,,,,0,https://jobicy.com/jobs/149997-senior-design-manager-infrastructure,2026-10-03T14:13:07Z,
jobicy_150014,Power Transformer Sr Sales Mgr. PSS (Product Sales Specialist,GE Vernova,USA,2026-10-03,Sales,Full-Time,Senior,,108600.0,181000.0,USD,0,https://jobicy.com/jobs/150014-power-transformer-sr-sales-mgr-pss-product-sales-specialist,2026-10-03T14:13:07Z,144800.0
jobicy_150024,"Lead AI Solutions Architect, Customer Success",Genesys,Sweden,2026-10-03,Software Engineering,Full-Time,Senior,,,,,1,https://jobicy.com/jobs/150024-lead-ai-solutions-architect-customer-success,2026-10-03T14:13:07Z,
jobicy_150026,"Junior Customer Service Specialist (multilingual, fixed-term contract)",SWAROVSKI,Poland,2026-10-03,Customer Support & Success,Full-Time,"Entry-Level, Junior",,,,,0,https://jobicy.com/jobs/150026-junior-customer-service-specialist-multilingual-fixed-term-contract,2026-10-03T14:13:07Z,
jobicy_150027,Customer Support Specialist,Juniper Square,"Canada,  USA",2026-10-03,Customer Support & Success,Full-Time,Senior,,60000.0,70000.0,USD,0,https://jobicy.com/jobs/150027-customer-support-specialist-2,2026-10-03T14:13:07Z,65000.0
jobicy_150029,Lead Customer Success Manager - West,Tines,USA,2026-10-03,Customer Support & Success,Full-Time,Senior,,,,,0,https://jobicy.com/jobs/150029-lead-customer-success-manager-west,2026-10-03T14:13:07Z,
jobicy_150037,Customer Success Manager - WE,Bloomreach,UK,2026-10-03,Customer Support & Success,Full-Time,Midweight,,,,,1,https://jobicy.com/jobs/150037-customer-success-manager-we,2026-10-03T14:13:07Z,
jobicy_150040,Canada- Escalation Manager (Customer Support),PointClickCare,Canada,2026-10-03,Customer Support & Success,Full-Time,Senior,,30000.0,,BRL,1,https://jobicy.com/jobs/150040-canada-escalation-manager-customer-support,2026-10-03T14:13:07Z,30000.0
jobicy_150041,US- Escalation Manager (Customer Support),PointClickCare,USA,2026-10-03,Customer Support & Success,Full-Time,Senior,,30000.0,,BRL,1,https://jobicy.com/jobs/150041-us-escalation-manager-customer-support,2026-10-03T14:13:07Z,30000.0
jobicy_150052,1775 RPG/AS400 & JD Edwards EnterpriseOne Developer,Softgic,Anywhere,2026-10-03,Software Engineering,Full-Time,Midweight,SQL,,,,1,https://jobicy.com/jobs/150052-1775-rpg-as400-jd-edwards-enterpriseone-developer,2026-10-03T14:13:07Z,
jobicy_150057,International SEO/AEO Manager,BetterHelp,USA,2026-10-03,SEO,Full-Time,"Entry-Level, Junior",,110000.0,130000.0,USD,0,https://jobicy.com/jobs/150057-international-seo-aeo-manager-2,2026-10-03T14:13:07Z,120000.0
jobicy_150061,"Senior Backend Engineer, AI Engineering: Chat",GitLab,UK,2026-10-03,Software Engineering,Full-Time,Senior,"SQL, Python",,,,1,https://jobicy.com/jobs/150061-senior-backend-engineer-ai-engineering-chat,2026-10-03T14:13:07Z,
jobicy_150064,"Client Full-Stack Engineer — IM Chat Platform, Android Focus",Binance,APAC,2026-10-03,Software Engineering,Full-Time,Midweight,,,,,0,https://jobicy.com/jobs/150064-client-full-stack-engineer-im-chat-platform-android-focus,2026-10-03T14:13:07Z,
jobicy_150065,"Data/ Java Engineer (AI/LLM Chatbot, Customer Service)",Binance,APAC,2026-10-03,Software Engineering,Full-Time,Senior,"Python, Excel",,,,1,https://jobicy.com/jobs/150065-data-java-engineer-ai-llm-chatbot-customer-service,2026-10-03T14:13:07Z,
jobicy_150068,Chat Support Agent - 15-18/hr,NoGigiddy,USA,2026-10-03,Customer Support & Success,Part-Time,"Entry-Level, Junior",,,,,0,https://jobicy.com/jobs/150068-chat-support-agent-remote-15-18-hr,2026-10-03T14:13:07Z,
jobicy_150789,"Manager, Retail Partnerships",ANGI,USA,2026-10-03,Business Development,Full-Time,Senior,"SQL, Excel",95000.0,140000.0,USD,1,https://jobicy.com/jobs/150789-manager-retail-partnerships,2026-10-03T14:13:07Z,117500.0
jobicy_151231,Inbound Sales Representative (Remote/Pacific Time),A Place For Mom,"Canada,  USA",2026-10-03,Sales,Full-Time,Senior,Excel,74000.0,74000.0,USD,1,https://jobicy.com/jobs/151231-inbound-sales-representative-remote-pacific-time,2026-10-03T14:13:07Z,74000.0
jobicy_152361,"Medical Director, Clinical Program Design",Wheel,USA,2026-10-03,Healthcare & Medical,Full-Time,Director,,250000.0,290000.0,USD,0,https://jobicy.com/jobs/152361-medical-director-clinical-program-design,2026-10-03T14:13:07Z,270000.0
jobicy_152364,"Director, Product & Segment Marketing Manager",NetDocuments,USA,2026-10-03,Marketing & Sales,Full-Time,Director,,220000.0,245000.0,USD,0,https://jobicy.com/jobs/152364-director-product-segment-marketing-manager,2026-10-03T14:13:07Z,232500.0
jobicy_152374,Client Onboarding Specialist,Housecall Pro,Mexico,2026-10-03,Customer Support & Success,Contract,Any,,25450.0,28500.0,,0,https://jobicy.com/jobs/152374-client-onboarding-specialist,2026-10-03T14:13:07Z,26975.0
jobicy_152376,Major Accounts Manager,RStudio,USA,2026-10-03,Sales,Full-Time,Senior,Python,241200.0,318340.0,USD,1,https://jobicy.com/jobs/152376-major-accounts-manager,2026-10-03T14:13:07Z,279770.0
jobicy_152378,Enterprise Account Executive (Founding Team),Apollo.io,USA,2026-10-03,Sales,Full-Time,Director,,250000.0,280000.0,USD,0,https://jobicy.com/jobs/152378-enterprise-account-executive-founding-team,2026-10-03T14:13:07Z,265000.0
jobicy_152379,SaaS Onboarding Specialist,Housecall Pro,Mexico,2026-10-03,Customer Support & Success,Contract,Any,,25450.0,28500.0,,0,https://jobicy.com/jobs/152379-saas-onboarding-specialist,2026-10-03T14:13:07Z,26975.0
jobicy_152380,Payments Solutions Architect (US or EMEA),Testlio,"EMEA,  USA",2026-10-03,QA & Testing,Full-Time,Director,,,,,0,https://jobicy.com/jobs/152380-payments-solutions-architect-us-or-emea,2026-10-03T14:13:07Z,
jobicy_152389,Sales Engineer,Litmus,Germany,2026-10-03,Sales,Full-Time,Any,"SQL, Python",,,,1,https://jobicy.com/jobs/152389-sales-engineer-5,2026-10-03T14:13:07Z,
jobicy_152390,Senior Inside Sales Advisor (Remote/Mountain Time),A Place For Mom,USA,2026-10-03,Sales,Full-Time,Senior,,86500.0,86500.0,USD,0,https://jobicy.com/jobs/152390-senior-inside-sales-advisor-remote-mountain-time,2026-10-03T14:13:07Z,86500.0
jobicy_152391,"Customer Success Engineer, Australia",ExtraHop,Australia,2026-10-03,Customer Support & Success,Full-Time,Senior,Excel,,,,1,https://jobicy.com/jobs/152391-customer-success-engineer-australia,2026-10-03T14:13:07Z,
jobicy_152392,"Director, Product Marketing, GTM Strategy",Fleetio,USA,2026-10-03,Marketing & Sales,Full-Time,Director,,,,,0,https://jobicy.com/jobs/152392-director-product-marketing-gtm-strategy,2026-10-03T14:13:07Z,
jobicy_152394,Partner Success Manager (EMEA),Litmus,Germany,2026-10-03,Customer Support & Success,Full-Time,Director,,,,,1,https://jobicy.com/jobs/152394-partner-success-manager-emea,2026-10-03T14:13:07Z,
jobicy_152395,Framework Software Engineer,ExtraHop,USA,2026-10-03,Software Engineering,Full-Time,Senior,Python,145000.0,160000.0,USD,1,https://jobicy.com/jobs/152395-framework-software-engineer,2026-10-03T14:13:07Z,152500.0
jobicy_152470,"Account Executive, Commercial - Mexico",Samsara,Mexico,2026-10-03,Sales,Full-Time,Director,,,,,0,https://jobicy.com/jobs/152470-account-executive-commercial-mexico,2026-10-03T14:13:07Z,
jobicy_154077,Inbound Support Coordinator,HomeLight,Philippines,2026-10-03,Customer Support & Success,Full-Time,Any,,,,,0,https://jobicy.com/jobs/154077-inbound-support-coordinator,2026-10-03T14:13:07Z,
arbeitnow_account-executive-dach-commercial-existing-business-96823,"Account Executive, DACH, Commercial (Existing Business)",stripe,,2026-10-02,1185 Account Executives (EMEA),,,,,,,0,https://www.arbeitnow.com/jobs/companies/stripe/account-executive-dach-commercial-existing-business-96823,2026-10-03T14:13:08Z,
arbeitnow_account-executive-london-73987,Account Executive,rtbhouse,London,2026-10-02,Sales > Sales,,,,,,,0,https://www.arbeitnow.co.uk/jobs/companies/rtbhouse/account-executive-london-73987,2026-10-03T14:13:08Z,
arbeitnow_account-manager-paris-94963,Account Manager (Paris),Fresha,Paris,2026-10-02,Partner Success,Full-time,,Excel,,,,1,https://www.arbeitnow.fr/jobs/companies/fresha/account-manager-paris-94963,2026-10-03T14:13:08Z,
arbeitnow_account-manager-paris-office-6448,Account Manager,Aircall,Paris Office,2026-10-02,12004 - Success,Permanent Full Time Employee,,,,,,0,https://www.arbeitnow.fr/jobs/companies/aircall/account-manager-paris-office-6448,2026-10-03T14:13:08Z,
arbeitnow_ai-consultant-all-genders-hybrid-berlin-frankfurt-377800,"AI Consultant (all genders) - Hybrid, Berlin/Frankfurt",Dida,Berlin,2026-10-02,"AI Consultant, AI Consulting, Machine Learning, Artificial Intelligence, Data Science, Pre-Sales, Solution Architect, Technical Consultant, ML Consulting, Python, Enterprise AI, Workshop Facilitation, Berlin, Frankfurt, Hybrid, Consulting, Technology Consulting, AI Strategy","Experienced, Permanent, Full or part time",,Python,,,,1,https://www.arbeitnow.com/jobs/companies/dida/ai-consultant-all-genders-hybrid-berlin-frankfurt-377800,2026-10-03T14:13:08Z,
arbeitnow_ai-engineer-ai-genai-people-domain-paris-paris-229691,AI engineer (AI & GenAI) - People Domain (f/m/d),Decathlontechnology,"Paris, Paris",2026-10-02,Data,,,"SQL, Python",,,,1,https://www.arbeitnow.fr/jobs/companies/decathlontechnology/ai-engineer-ai-genai-people-domain-paris-paris-229691,2026-10-03T14:13:08Z,
arbeitnow_ai-first-data-engineer-zurich-65570,AI First Data Engineer,isolutions,Zürich,2026-10-02,"databricks, fabric, python, powerbi, microsoft, azure","Experienced, Permanent, Full time",,"SQL, Python, Power BI",,,,1,https://www.arbeitnow.ch/jobs/companies/isolutions/ai-first-data-engineer-zurich-65570,2026-10-03T14:13:08Z,
arbeitnow_ai-full-stack-developer-133361,AI Full-Stack Developer,Nebius,,2026-10-02,Office of CoS,,,Python,,,,1,https://www.arbeitnow.co.uk/jobs/companies/nebius/ai-full-stack-developer-133361,2026-10-03T14:13:08Z,
arbeitnow_ai-growth-strategic-partnership-manager-paris-205591,AI Growth & Strategic Partnership Manager,PALO IT,PALO IT France,2026-10-02,Enabling,Full Time,,,,,,0,https://www.arbeitnow.fr/jobs/companies/palo-it/ai-growth-strategic-partnership-manager-paris-205591,2026-10-03T14:13:08Z,
arbeitnow_ai-innovation-engineer-it-security-all-genders-munich-158767,AI Innovation Engineer - IT Security (all genders),Revel8,Munich,2026-10-02,,"Experienced, Permanent, Full time",,,,,,0,https://www.arbeitnow.com/jobs/companies/revel8/ai-innovation-engineer-it-security-all-genders-munich-158767,2026-10-03T14:13:08Z,
arbeitnow_ai-resident-uk-emea-london-102721,AI Resident UK/EMEA,Ema,United Kingdom (Remote),2026-10-02,Engineering,Full Time,,Python,,,,1,https://www.arbeitnow.co.uk/jobs/companies/ema/ai-resident-uk-emea-london-102721,2026-10-03T14:13:08Z,
arbeitnow_ai-system-engineer-f-h-paris-29772,AI System Engineer (F/H),ILLUIN Technology,Paris La Défense,2026-10-02,Software Engineering,Full Time,,"SQL, Python",,,,1,https://www.arbeitnow.fr/jobs/companies/illuin-technology/ai-system-engineer-f-h-paris-29772,2026-10-03T14:13:08Z,
arbeitnow_ai-trainers-network-maltese-france-265055,AI Trainers Network - Maltese,Jobgether,France,2026-10-02,IT,Full-time,,,,,,0,https://www.arbeitnow.fr/jobs/companies/jobgether/ai-trainers-network-maltese-france-265055,2026-10-03T14:13:08Z,
arbeitnow_ai-trainers-network-maltese-germany-416538,AI Trainers Network - Maltese,Jobgether,Germany,2026-10-02,IT,Full-time,,,,,,0,https://www.arbeitnow.com/jobs/companies/jobgether/ai-trainers-network-maltese-germany-416538,2026-10-03T14:13:08Z,
arbeitnow_ai-trainers-network-maltese-switzerland-212079,AI Trainers Network - Maltese,Jobgether,Switzerland,2026-10-02,IT,Full-time,,,,,,0,https://www.arbeitnow.ch/jobs/companies/jobgether/ai-trainers-network-maltese-switzerland-212079,2026-10-03T14:13:08Z,
arbeitnow_analytics-engineer-paris-363229,Analytics Engineer,Qonto,Paris,2026-10-02,Analytics Engineering,Full-time,,"SQL, dbt",,,,1,https://www.arbeitnow.fr/jobs/companies/qonto/analytics-engineer-paris-363229,2026-10-03T14:13:08Z,
arbeitnow_applied-ai-engineer-global-public-sector-london-87599,"Applied AI Engineer, Global Public Sector",scaleai,London,2026-10-02,GPS Engineering,,,Python,,,,1,https://www.arbeitnow.co.uk/jobs/companies/scaleai/applied-ai-engineer-global-public-sector-london-87599,2026-10-03T14:13:08Z,
arbeitnow_associate-account-manager-paris-296525,Associate Account Manager (Paris),Fresha,Paris,2026-10-02,Business Development,,,Excel,,,,1,https://www.arbeitnow.fr/jobs/companies/fresha/associate-account-manager-paris-296525,2026-10-03T14:13:08Z,
arbeitnow_azure-engineer-zurich-280951,Azure Engineer,isolutions,Zürich,2026-10-02,"Cloud, EntraID, Azure, Intune","Experienced, Permanent, Full time",,,,,,0,https://www.arbeitnow.ch/jobs/companies/isolutions/azure-engineer-zurich-280951,2026-10-03T14:13:08Z,
arbeitnow_azure-infrastructure-engineer-in-frankfurt-buro-frankfurt-17613,Azure Infrastructure Engineer (m/w/d) in Frankfurt,GRÜNE'S LEIHHÄUSER GmbH & Co. KG,Büro Frankfurt,2026-10-02,"Microsoft Azure, Azure Cloud, Cloud Infrastructure, Azure Infrastructure, Cloud Engineer, Azure Engineer, Infrastructure Engineer, Microsoft Entra ID, Microsoft Cloud, Azure Active Directory, Azure + Terraform, Cloud Infrastructure Engineer","Experienced, Permanent, Full time",,,,,,0,https://www.arbeitnow.com/jobs/companies/grunes-leihhauser-gmbh-co-kg/azure-infrastructure-engineer-in-frankfurt-buro-frankfurt-17613,2026-10-03T14:13:08Z,
arbeitnow_cdi-consultante-social-media-senior-paris-388205,CDI - Consultant(e) Social Média Senior,We Are Social 1,"Paris, France",2026-10-02,"Consulting, Marketing and Advertising, Client Services","Full time, mid-senior",,Excel,,,,1,https://www.arbeitnow.fr/jobs/companies/we-are-social-1/cdi-consultante-social-media-senior-paris-388205,2026-10-03T14:13:08Z,
arbeitnow_charge-daffaires-secteur-prive-h-f-region-nord-lille-239917,Chargé d'affaires secteur privé H/F - Région Nord,Nomios,"Lille, Hauts-de-France, France",2026-10-02,Commerce,"Mid, fulltime permanent",,,,,,0,https://www.arbeitnow.fr/jobs/companies/nomios/charge-daffaires-secteur-prive-h-f-region-nord-lille-239917,2026-10-03T14:13:08Z,
arbeitnow_chief-business-officer-gn-at-clean-data-centres-venture-france-hybrid-nantes-125185,"Chief Business Officer (gn) @ Clean Data Centres Venture, France (hybrid)",atlantic.vc,"Nantes, Pays-de-la-Loire, France",2026-10-02,Founder & Entrepreneurs in Residence,"Experienced, fulltime permanent",,,,,,0,https://www.arbeitnow.fr/jobs/companies/atlanticvc/chief-business-officer-gn-at-clean-data-centres-venture-france-hybrid-nantes-125185,2026-10-03T14:13:08Z,
arbeitnow_chief-of-staff-stragegie-operations-berlin-101813,Chief of Staff - Stragegie & Operations (m/w/d),Es Group,Berlin,2026-10-02,,"Experienced, Permanent, Full time",,Excel,,,,1,https://www.arbeitnow.com/jobs/companies/es-group/chief-of-staff-stragegie-operations-berlin-101813,2026-10-03T14:13:08Z,
arbeitnow_chief-of-staff-to-the-ceo-focus-finance-munchen-460621,Chief of Staff to the CEO – Focus Finance (m/f/d),Impower,München,2026-10-02,,"Experienced, Permanent, Full time",,,,,,1,https://www.arbeitnow.com/jobs/companies/impower/chief-of-staff-to-the-ceo-focus-finance-munchen-460621,2026-10-03T14:13:08Z,
arbeitnow_chief-of-staff-to-the-cto-engineering-paris-105211,Chief of Staff to the CTO - Engineering,Pennylane SAS,Paris,2026-10-02,Strategy & Operations,Full Time,,,,,,1,https://www.arbeitnow.fr/jobs/companies/pennylane-sas/chief-of-staff-to-the-cto-engineering-paris-105211,2026-10-03T14:13:08Z,
arbeitnow_commercial-account-executive-paris-paris-346438,Commercial Account Executive,Catonetworks,"Paris, Paris",2026-10-02,Commercial Account Executive - EMEA,,,,,,,0,https://www.arbeitnow.fr/jobs/companies/catonetworks/commercial-account-executive-paris-paris-346438,2026-10-03T14:13:08Z,
arbeitnow_computational-design-of-biological-experiments-for-model-development-berlin-germany-or-palo-alto-ca-or-zurich-446408,Computational design of biological experiments for model development,Inceptive,"Berlin, Germany or Palo Alto, CA or Zurich",2026-10-02,Development,,,Python,,,,1,https://www.arbeitnow.ch/jobs/companies/inceptive/computational-design-of-biological-experiments-for-model-development-berlin-germany-or-palo-alto-ca-or-zurich-446408,2026-10-03T14:13:08Z,
arbeitnow_conseillerere-de-vente-aix-provence-etudiants-etudiantes-aix-en-provence-378167,Conseiller(ère) de vente Aix & Provence étudiants / étudiantes,My Jewellery,"Aix-en-Provence, Provence-Alpes-Côte-d'Azur, Frankrijk",2026-10-02,Boutiques,"Entry, fulltime fixed term",,,,,,0,https://www.arbeitnow.fr/jobs/companies/my-jewellery/conseillerere-de-vente-aix-provence-etudiants-etudiantes-aix-en-provence-378167,2026-10-03T14:13:08Z,
arbeitnow_coordinator-customer-service-100-hedingen-92005,Coordinator Customer Service (100 %),Kolb Distribution Ltd,Hedingen,2026-10-02,,"Experienced, Permanent, Full time",,,,,,0,https://www.arbeitnow.ch/jobs/companies/kolb-distribution-ltd/coordinator-customer-service-100-hedingen-92005,2026-10-03T14:13:08Z,
arbeitnow_customer-marketer-anywhere-in-france-287188,Customer Marketer,Alan,Anywhere in France,2026-10-02,Marketing,Full Time,,,,,,0,https://www.arbeitnow.fr/jobs/companies/alan/customer-marketer-anywhere-in-france-287188,2026-10-03T14:13:08Z,
arbeitnow_customer-success-intern-mirakl-ads-paris-399187,"Customer Success Intern – Mirakl Ads, Paris",Mirakl,"Paris, France",2026-10-02,,,,"Tableau, Excel",,,,1,https://www.arbeitnow.fr/jobs/companies/mirakl/customer-success-intern-mirakl-ads-paris-399187,2026-10-03T14:13:08Z,
arbeitnow_customer-success-manager-italian-speaker-a-bonus-paris-377462,Customer Success Manager - Italian speaker a bonus,Algolia,Paris,2026-10-02,Customer Care,,,,,,,0,https://www.arbeitnow.fr/jobs/companies/algolia/customer-success-manager-italian-speaker-a-bonus-paris-377462,2026-10-03T14:13:08Z,
arbeitnow_customer-success-manager-zurich-326585,Customer Success Manager,isolutions,Zürich,2026-10-02,"EntraID, Azure, Intune, M365, Customer Success Management","Experienced, Permanent, Full time",,,,,,0,https://www.arbeitnow.ch/jobs/companies/isolutions/customer-success-manager-zurich-326585,2026-10-03T14:13:08Z,
arbeitnow_daimler-buses-automobil-mechatroniker-automobil-fachmann-m-w-fur-nutzfahrzeuge-domdidier-fribourg-316470,Daimler Buses – Automobil-Mechatroniker / Automobil-Fachmann (m/w) für Nutzfahrzeuge – Domdidier (Fribourg),Edl Consulting,Domdidier,2026-10-02,"Automobil-Mechatroniker EFZ, Automobil-Fachmann EFZ, Nutzfahrzeugtechnik, Busmechaniker, Reisebusse, Fahrzeugdiagnose","Entry, Permanent, Full time",,,,,,0,https://www.arbeitnow.ch/jobs/companies/edl-consulting/daimler-buses-automobil-mechatroniker-automobil-fachmann-m-w-fur-nutzfahrzeuge-domdidier-fribourg-316470,2026-10-03T14:13:08Z,
arbeitnow_daimler-buses-teamleiter-ersatzteile-m-w-granges-paccot-fribourg-449612,Daimler Buses – Teamleiter Ersatzteile (m/w) – Granges-Paccot (Fribourg),Edl Consulting,Fribourg,2026-10-02,"Teamleiter Ersatzteile, Ersatzteilwesen, Lagerleitung, Bestellprozess","Experienced, Permanent, Full time",,,,,,0,https://www.arbeitnow.ch/jobs/companies/edl-consulting/daimler-buses-teamleiter-ersatzteile-m-w-granges-paccot-fribourg-449612,2026-10-03T14:13:08Z,
arbeitnow_data-ai-pre-sales-consultant-zurich-485095,Data & AI Pre-Sales Consultant,isolutions,Zürich,2026-10-02,"AI, Consulting, Copilot, Management, Leadership","Experienced, Permanent, Full time",,,,,,1,https://www.arbeitnow.ch/jobs/companies/isolutions/data-ai-pre-sales-consultant-zurich-485095,2026-10-03T14:13:08Z,
arbeitnow_data-selection-and-quality-evaluation-for-biological-foundation-models-berlin-germany-or-palo-alto-ca-or-zurich-494569,Data selection and quality evaluation for biological foundation models,Inceptive,"Berlin, Germany or Palo Alto, CA or Zurich",2026-10-02,Development,,,Python,,,,1,https://www.arbeitnow.ch/jobs/companies/inceptive/data-selection-and-quality-evaluation-for-biological-foundation-models-berlin-germany-or-palo-alto-ca-or-zurich-494569,2026-10-03T14:13:08Z,
arbeitnow_debitorenbuchhalter-in-teilzeit-grafelfing-447918,Debitorenbuchhalter (m/w/d) in Teilzeit,MY Humancapital GmbH,Gräfelfing,2026-10-02,Accounts Receivable,,,Excel,,,,1,https://www.arbeitnow.com/jobs/companies/my-humancapital-gmbh/debitorenbuchhalter-in-teilzeit-grafelfing-447918,2026-10-03T14:13:08Z,
arbeitnow_dein-einstieg-in-den-vertrieb-als-sdr-quereinsteiger-willkommen-cologne-391250,Dein Einstieg in den Vertrieb als SDR (m/w/d) – Quereinsteiger willkommen,SoSafe,Cologne,2026-10-02,Sales,Full Time,,,,,,0,https://www.arbeitnow.com/jobs/companies/sosafe/dein-einstieg-in-den-vertrieb-als-sdr-quereinsteiger-willkommen-cologne-391250,2026-10-03T14:13:08Z,
arbeitnow_designer-art-director-healthcare-zurich-170544,Designer/ Art Director Healthcare (m/w/d),Ogilvy,Zurich,2026-10-02,Healthcare,,,,,,,0,https://www.arbeitnow.ch/jobs/companies/ogilvy/designer-art-director-healthcare-zurich-170544,2026-10-03T14:13:08Z,
arbeitnow_devops-engineer-zurich-14809,DevOps Engineer,isolutions,Zürich,2026-10-02,"devops, CI/CD, EntraID, Graph","Experienced, Permanent, Full time",,,,,,0,https://www.arbeitnow.ch/jobs/companies/isolutions/devops-engineer-zurich-14809,2026-10-03T14:13:08Z,
arbeitnow_director-lakebase-sales-specialists-central-region-munich-374513,"Director, Lakebase Sales Specialists (Central region)",databricks,Munich,2026-10-02,HQ Management,,,Excel,,,,1,https://www.arbeitnow.com/jobs/companies/databricks/director-lakebase-sales-specialists-central-region-munich-374513,2026-10-03T14:13:08Z,
arbeitnow_director-technical-project-management-delivery-lead-berlin-de-124489,Director Technical Project Management / Delivery Lead,wongdoody,"Berlin, DE",2026-10-02,Development,,,,,,,0,https://www.arbeitnow.com/jobs/companies/wongdoody/director-technical-project-management-delivery-lead-berlin-de-124489,2026-10-03T14:13:08Z,
arbeitnow_distinguished-pqc-cryptography-architecture-leader-geneva-105282,Distinguished PQC Cryptography & Architecture Leader,ionq,Geneva,2026-10-02,Quantum Platform - Network and Security,,,,,,,0,https://www.arbeitnow.ch/jobs/companies/ionq/distinguished-pqc-cryptography-architecture-leader-geneva-105282,2026-10-03T14:13:08Z,
arbeitnow_education-content-creator-ftc-london-united-kingdom-36281,Education Content Creator - FTC,Elliptic,"London, United Kingdom",2026-10-02,Product,Temporary,,Excel,,,,1,https://www.arbeitnow.co.uk/jobs/companies/elliptic/education-content-creator-ftc-london-united-kingdom-36281,2026-10-03T14:13:08Z,
arbeitnow_elektrokingenieur-instandhaltung-wartung-eberswalde-79147,Elektrokingenieur Instandhaltung & Wartung (m/w/d),work2be,Eberswalde,2026-10-02,Engineering,,,,,,,0,https://www.arbeitnow.com/jobs/companies/work2be/elektrokingenieur-instandhaltung-wartung-eberswalde-79147,2026-10-03T14:13:08Z,
arbeitnow_embedded-electrical-engineer-som-paris-292702,Embedded Electrical Engineer - SoM,Signal Processing Engineer (RF Processing & Analytics),Paris,2026-10-02,R&D,Full Time,,,,,,0,https://www.arbeitnow.fr/jobs/companies/signal-processing-engineer-rf-processing-analytics/embedded-electrical-engineer-som-paris-292702,2026-10-03T14:13:08Z,
arbeitnow_emea-account-executive-german-speaking-switzerland-3547,EMEA Account Executive (German speaking),Deepgram,Switzerland,2026-10-02,Sales,Full Time,,,,,,0,https://www.arbeitnow.ch/jobs/companies/deepgram/emea-account-executive-german-speaking-switzerland-3547,2026-10-03T14:13:08Z,
arbeitnow_engineering-manager-infrastructure-london-328309,"Engineering Manager, Infrastructure",scaleai,London,2026-10-02,Enterprise Engineering,,,,,,,0,https://www.arbeitnow.co.uk/jobs/companies/scaleai/engineering-manager-infrastructure-london-328309,2026-10-03T14:13:08Z,
arbeitnow_engineering-manager-spain-paris-6769,Engineering Manager - Spain 🇪🇸,Doctrine,Paris,2026-10-02,Engineering,Full-time,,,,,,0,https://www.arbeitnow.fr/jobs/companies/doctrine/engineering-manager-spain-paris-6769,2026-10-03T14:13:08Z,
arbeitnow_expert-data-catalog-villeneuve-dascq-nord-234153,Expert Data Catalog (f/m/d),Decathlontechnology,"Villeneuve-d'Ascq, Nord",2026-10-02,Data,,,,,,,0,https://www.arbeitnow.fr/jobs/companies/decathlontechnology/expert-data-catalog-villeneuve-dascq-nord-234153,2026-10-03T14:13:08Z,
arbeitnow_finanzberater-hamburg-selbststandig-mit-branchenwissen-und-startbonus-364540,Finanzberater Hamburg (m/w/d): Selbstständig mit Branchenwissen und Startbonus,Swiss Life Select Hamburg,Hamburg,2026-10-02,"Management, Team Leader","Traineeship, berufseinstieg",,,,,,0,https://www.arbeitnow.com/jobs/companies/swiss-life-select-hamburg/finanzberater-hamburg-selbststandig-mit-branchenwissen-und-startbonus-364540,2026-10-03T14:13:08Z,
arbeitnow_finanzbuchhalterin-mit-perspektive-controllerin-dusseldorf-108188,Finanzbuchhalterin mit Perspektive Controllerin (m/w/d),Certex Hebetechnik GmbH,Düsseldorf,2026-10-02,Finance,,,,,,,1,https://www.arbeitnow.com/jobs/companies/certex-hebetechnik-gmbh/finanzbuchhalterin-mit-perspektive-controllerin-dusseldorf-108188,2026-10-03T14:13:08Z,
arbeitnow_focus-entertainment-publishing-communication-director-paris-456744,Focus Entertainment Publishing - Communication Director,Pullup Entertainment,"Paris, Île-de-France, France",2026-10-02,COMMUNICATION,"Experienced, fulltime permanent",,,,,,0,https://www.arbeitnow.fr/jobs/companies/pullup-entertainment/focus-entertainment-publishing-communication-director-paris-456744,2026-10-03T14:13:08Z,
arbeitnow_forward-deployed-product-manager-enterprise-london-147520,"Forward Deployed Product Manager, Enterprise",scaleai,London,2026-10-02,Enterprise Product,,,Python,,,,1,https://www.arbeitnow.co.uk/jobs/companies/scaleai/forward-deployed-product-manager-enterprise-london-147520,2026-10-03T14:13:08Z,
arbeitnow_founders-associate-paris-176239,Founder's Associate,Lemrock,Paris (on-site),2026-10-02,Operations,Full Time,,,,,,0,https://www.arbeitnow.fr/jobs/companies/lemrock/founders-associate-paris-176239,2026-10-03T14:13:08Z,
arbeitnow_founding-lead-support-engineer-berlin-berlin-72921,Founding Lead Support Engineer,unframe,"Berlin, Berlin",2026-10-02,Product Growth,,,SQL,,,,1,https://www.arbeitnow.com/jobs/companies/unframe/founding-lead-support-engineer-berlin-berlin-72921,2026-10-03T14:13:08Z,
arbeitnow_founding-product-designer-london-292360,Founding Product Designer,Bite,London,2026-10-02,Product,Full Time,,,,,,0,https://www.arbeitnow.co.uk/jobs/companies/bite/founding-product-designer-london-292360,2026-10-03T14:13:08Z,
arbeitnow_fpa-analyst-controleurse-de-gestion-paris-316521,FP&A Analyst / Contrôleur.se de Gestion,Resilience Care,Paris,2026-10-02,Finance,Full Time,,"SQL, Excel",,,,1,https://www.arbeitnow.fr/jobs/companies/resilience-care/fpa-analyst-controleurse-de-gestion-paris-316521,2026-10-03T14:13:08Z,
arbeitnow_growth-marketer-anywhere-in-france-256472,Growth Marketer,Alan,Anywhere in France,2026-10-02,Marketing,Full Time,,,,,,0,https://www.arbeitnow.fr/jobs/companies/alan/growth-marketer-anywhere-in-france-256472,2026-10-03T14:13:08Z,
arbeitnow_growth-operations-automation-specialist-paris-307338,Growth Operations & Automation Specialist,Pennylane SAS,Paris,2026-10-02,Marketing,Full Time,,,,,,0,https://www.arbeitnow.fr/jobs/companies/pennylane-sas/growth-operations-automation-specialist-paris-307338,2026-10-03T14:13:08Z,
arbeitnow_head-of-ai-data-berlin-349422,Head of AI & Data (m/w/d),Es Group,Berlin,2026-10-02,"Head of Artificial Intelligence, Head of Data Science, Head of Data & Analytics, Director of AI & Data, Head of Data Engineering, Leiter Data & KI, AI Strategy Lead, Head of Digital & Data, Digitale Transformation, KI-Roadmap / Data-Roadmap, Nachweisbare Erfolge in KI-/Datenprojekten","Experienced, Permanent, Full time",,Python,,,,1,https://www.arbeitnow.com/jobs/companies/es-group/head-of-ai-data-berlin-349422,2026-10-03T14:13:08Z,
arbeitnow_hr-business-partner-munich-431259,HR Business Partner (m/w/d),MY Humancapital GmbH,Munich,2026-10-02,HR,,,Excel,,,,1,https://www.arbeitnow.com/jobs/companies/my-humancapital-gmbh/hr-business-partner-munich-431259,2026-10-03T14:13:08Z,
arbeitnow_hr-marketing-coordinator-remote-ch-schweiz-234768,HR & Marketing Coordinator (m/w/d) – Remote CH,Edl Consulting,Schweiz,2026-10-02,"HR, Marketing, Coordination, Assistant, Part-time","Experienced, Permanent, Full or part time",,Excel,,,,1,https://www.arbeitnow.ch/jobs/companies/edl-consulting/hr-marketing-coordinator-remote-ch-schweiz-234768,2026-10-03T14:13:08Z,
arbeitnow_industrial-vision-automation-engineer-orly-386329,Industrial Vision & Automation Engineer,Signal Processing Engineer (RF Processing & Analytics),Orly,2026-10-02,Operations,Full Time,,,,,,0,https://www.arbeitnow.fr/jobs/companies/signal-processing-engineer-rf-processing-analytics/industrial-vision-automation-engineer-orly-386329,2026-10-03T14:13:08Z,
arbeitnow_ingenieur-detudes-f-h-en-chimie-analytique-compiegne-47018,Ingénieur d'études F/H en chimie analytique,Université de Technologie de Compiègne,"Compiègne, Hauts-de-France, France",2026-10-02,Génie des procédés industriels TIMR,"Executive, fulltime fixed term",,,,,,0,https://www.arbeitnow.fr/jobs/companies/universite-de-technologie-de-compiegne/ingenieur-detudes-f-h-en-chimie-analytique-compiegne-47018,2026-10-03T14:13:08Z,
arbeitnow_ingenieure-cvc-pb-paris-258673,Ingénieur(e) CVC & PB,Deerns Groep BV,"Paris, Île-de-France, France",2026-10-02,Real Estate,"Experienced, fulltime permanent",,,,,,0,https://www.arbeitnow.fr/jobs/companies/deerns-groep-bv/ingenieure-cvc-pb-paris-258673,2026-10-03T14:13:08Z,
arbeitnow_intern-software-test-automation-munich-bavaria-68883,Intern (m/f/d) Software Test Automation,Agilerobotsse,"Munich, Bavaria",2026-10-02,AI Solutions,,,Python,,,,1,https://www.arbeitnow.com/jobs/companies/agilerobotsse/intern-software-test-automation-munich-bavaria-68883,2026-10-03T14:13:08Z,
arbeitnow_it-administrator-operativer-betrieb-devops-all-genders-munchen-118884,IT Administrator – operativer Betrieb & DevOps (all Genders),Global Side Gmbh,München,2026-10-02,"IT admin, admin, netzwerk, infrastruktur, devops","Experienced, Permanent, Full or part time",,,,,,0,https://www.arbeitnow.com/jobs/companies/global-side-gmbh/it-administrator-operativer-betrieb-devops-all-genders-munchen-118884,2026-10-03T14:13:08Z,
arbeitnow_it-administrator-working-student-frankfurt-am-main-hybrid-111532,IT Administrator – Working student (m/f/d) - Frankfurt am Main (hybrid),Lissi GmbH,Frankfurt,2026-10-02,"IT Admin, IT Support","Student, Intern, Part time",,Python,,,,1,https://www.arbeitnow.com/jobs/companies/lissi-gmbh/it-administrator-working-student-frankfurt-am-main-hybrid-111532,2026-10-03T14:13:08Z,
arbeitnow_it-application-manager-munich-383270,IT Application Manager (m/w/d),MY Humancapital GmbH,Munich,2026-10-02,IT,,,,,,,0,https://www.arbeitnow.com/jobs/companies/my-humancapital-gmbh/it-application-manager-munich-383270,2026-10-03T14:13:08Z,
arbeitnow_it-support-client-management-munich-316208,IT-Support Client Management (m/w/d),MY Humancapital GmbH,Munich,2026-10-02,IT,,,,,,,0,https://www.arbeitnow.com/jobs/companies/my-humancapital-gmbh/it-support-client-management-munich-316208,2026-10-03T14:13:08Z,
arbeitnow_it-systemadministrator-munich-245503,IT-Systemadministrator (m/w/d),MY Humancapital GmbH,Munich,2026-10-02,IT,,,,,,,0,https://www.arbeitnow.com/jobs/companies/my-humancapital-gmbh/it-systemadministrator-munich-245503,2026-10-03T14:13:08Z,
arbeitnow_it-systems-platform-engineer-siegen-475264,IT Systems & Platform Engineer (f/m/d),eleQtron GmbH,"Siegen, Nordrhein-Westfalen, Germany",2026-10-02,IT Support & Security,"Experienced, fulltime permanent",,,,,,0,https://www.arbeitnow.com/jobs/companies/eleqtron-gmbh/it-systems-platform-engineer-siegen-475264,2026-10-03T14:13:08Z,
arbeitnow_java-backend-entwickler-luzern-95490,Java Backend Entwickler,Callista Group AG,"Luzern, Luzern, Switzerland",2026-10-02,Software Engineering,"Experienced, freelance",,,,,,0,https://www.arbeitnow.ch/jobs/companies/callista-group-ag/java-backend-entwickler-luzern-95490,2026-10-03T14:13:08Z,
arbeitnow_junior-computational-geometry-engineer-zurich-128102,Junior Computational Geometry Engineer,Saeki,Zurich,2026-10-02,,"Entry, Permanent, Full time",,Python,,,,1,https://www.arbeitnow.ch/jobs/companies/saeki/junior-computational-geometry-engineer-zurich-128102,2026-10-03T14:13:08Z,
arbeitnow_junior-product-owner-hybrid-194844,Junior Product Owner,Erasys,Hybrid,2026-10-02,,"Entry, Permanent, Full time",,,,,,1,https://www.arbeitnow.fr/jobs/companies/erasys/junior-product-owner-hybrid-194844,2026-10-03T14:13:08Z,
arbeitnow_key-account-manager-public-sector-paris-8448,Key Account Manager - Public Sector,Malt,Paris,2026-10-02,Enterprise Account Management,FR Executive/Cadre,,,,,,0,https://www.arbeitnow.fr/jobs/companies/malt/key-account-manager-public-sector-paris-8448,2026-10-03T14:13:08Z,
arbeitnow_kundenberater-ersatzteile-fur-landtechnik-und-baumaschinen-versmold-192313,Kundenberater Ersatzteile für Landtechnik und Baumaschinen (m/w/d),Bartling Landtechnik GmbH,Versmold,2026-10-02,Customer Service,berufserfahren,,,,,,0,https://www.arbeitnow.com/jobs/companies/bartling-landtechnik-gmbh/kundenberater-ersatzteile-fur-landtechnik-und-baumaschinen-versmold-192313,2026-10-03T14:13:08Z,
arbeitnow_lead-accountant-n-e-basel-451364,Lead Accountant e/v/e/r/y/o/n/e,ten23 health AG,Basel,2026-10-02,,"Experienced, Permanent, Full time",,"Power BI, Excel",,,,1,https://www.arbeitnow.ch/jobs/companies/ten23-health-ag/lead-accountant-n-e-basel-451364,2026-10-03T14:13:08Z,
arbeitnow_lead-accountant-paris-124642,Lead Accountant,Dashlane,Paris,2026-10-02,G&A,,,Excel,,,,1,https://www.arbeitnow.fr/jobs/companies/dashlane/lead-accountant-paris-124642,2026-10-03T14:13:08Z,
arbeitnow_lead-ii-spares-account-management-275985,"Lead II, Spares Account Management",Asm,,2026-10-02,BU3.BOps- Spares,,,"Power BI, Tableau, Excel",,,,1,https://www.arbeitnow.fr/jobs/companies/asm/lead-ii-spares-account-management-275985,2026-10-03T14:13:08Z,
arbeitnow_lead-rf-engineer-electronic-warfare-paris-181679,Lead RF Engineer - Electronic Warfare,Signal Processing Engineer (RF Processing & Analytics),Paris,2026-10-02,R&D,Full Time,,,,,,0,https://www.arbeitnow.fr/jobs/companies/signal-processing-engineer-rf-processing-analytics/lead-rf-engineer-electronic-warfare-paris-181679,2026-10-03T14:13:08Z,
arbeitnow_legal-counsel-london-313488,Legal Counsel,Ultralytics,London,2026-10-02,Operations,Full Time,,,,,,0,https://www.arbeitnow.co.uk/jobs/companies/ultralytics/legal-counsel-london-313488,2026-10-03T14:13:08Z,
arbeitnow_logistics-manager-retail-d2c-berlin-286524,Logistics Manager - Retail & D2C (m/f/d),Holy,Berlin,2026-10-02,,"Experienced, Permanent, Full time",,,,,,0,https://www.arbeitnow.com/jobs/companies/holy/logistics-manager-retail-d2c-berlin-286524,2026-10-03T14:13:08Z,
arbeitnow_maitre-de-conferences-en-cybersecurite-rennes-210868,Maître de conférences en Cybersécurité,Institut Mines-Télécom,"Rennes, Bretagne, France",2026-10-02,Risques et Cybersécurité,"Entry, fulltime permanent",,,,,,0,https://www.arbeitnow.fr/jobs/companies/institut-mines-telecom/maitre-de-conferences-en-cybersecurite-rennes-210868,2026-10-03T14:13:08Z,
arbeitnow_managing-director-france-paris-255410,Managing Director - France,Everfield,Paris,2026-10-02,Everfield HQ,Full Time,,,,,,0,https://www.arbeitnow.fr/jobs/companies/everfield/managing-director-france-paris-255410,2026-10-03T14:13:08Z,
arbeitnow_manufacturing-quality-engineer-zurich-249758,Manufacturing Quality Engineer,Gravis Robotics,Zurich,2026-10-02,Manufacturing & Supply Chain,Full time,,"SQL, Python",,,,1,https://www.arbeitnow.ch/jobs/companies/gravis-robotics/manufacturing-quality-engineer-zurich-249758,2026-10-03T14:13:08Z,
arbeitnow_marketing-artist-blitz-paris-473267,Marketing Artist- Blitz,Voodoo,Paris,2026-10-02,Gaming,Full Time,,,,,,0,https://www.arbeitnow.fr/jobs/companies/voodoo/marketing-artist-blitz-paris-473267,2026-10-03T14:13:08Z,
arbeitnow_marketing-artist-cortex-paris-349116,Marketing Artist- Cortex,Voodoo,Paris,2026-10-02,Gaming,Full Time,,,,,,1,https://www.arbeitnow.fr/jobs/companies/voodoo/marketing-artist-cortex-paris-349116,2026-10-03T14:13:08Z,
arbeitnow_mechanical-engineer-design-for-cost-product-improvement-epalinges-175158,Mechanical Engineer - Design for Cost & Product Improvement,Distalmotion,"Épalinges, Switzerland",2026-10-02,"Engineering, Medical Devices, Research & Development","Full time, associate",,,,,,0,https://www.arbeitnow.ch/jobs/companies/distalmotion/mechanical-engineer-design-for-cost-product-improvement-epalinges-175158,2026-10-03T14:13:08Z,
arbeitnow_mechanical-engineer-robotics-berlin-303112,Mechanical Engineer  | Robotics,Cell Labs,Berlin,2026-10-02,Engineering,,,,,,,0,https://www.arbeitnow.com/jobs/companies/cell-labs/mechanical-engineer-robotics-berlin-303112,2026-10-03T14:13:08Z,
arbeitnow_mechatronics-and-hardware-test-engineer-munich-bavaria-120242,Mechatronics and Hardware Test Engineer (m/f/d),Agilerobotsse,"Munich, Bavaria",2026-10-02,Mechatronics Hardware,,,Python,,,,1,https://www.arbeitnow.com/jobs/companies/agilerobotsse/mechatronics-and-hardware-test-engineer-munich-bavaria-120242,2026-10-03T14:13:08Z,
arbeitnow_mid-market-enterprise-account-executive-berlin-243389,Mid-Market / Enterprise Account Executive,Deliverect,Berlin,2026-10-02,Mid Market Sales,Full-time Permanent,,,,,,0,https://www.arbeitnow.com/jobs/companies/deliverect/mid-market-enterprise-account-executive-berlin-243389,2026-10-03T14:13:08Z,
arbeitnow_move-to-new-zealand-senior-software-engineer-lyon-382852,Move to New Zealand - Senior Software Engineer,Propellerhead,Lyon,2026-10-02,France,Full-time,,,,,,0,https://www.arbeitnow.fr/jobs/companies/propellerhead/move-to-new-zealand-senior-software-engineer-lyon-382852,2026-10-03T14:13:08Z,
arbeitnow_move-to-new-zealand-technical-strategist-solution-architect-lyon-71642,Move to New Zealand - Technical Strategist (Solution Architect),Propellerhead,Lyon,2026-10-02,France,Full-time,,,,,,0,https://www.arbeitnow.fr/jobs/companies/propellerhead/move-to-new-zealand-technical-strategist-solution-architect-lyon-71642,2026-10-03T14:13:08Z,
arbeitnow_optical-engineer-paris-375849,Optical Engineer,Signal Processing Engineer (RF Processing & Analytics),Paris,2026-10-02,R&D,Full Time,,,,,,0,https://www.arbeitnow.fr/jobs/companies/signal-processing-engineer-rf-processing-analytics/optical-engineer-paris-375849,2026-10-03T14:13:08Z,
arbeitnow_oracle-fusion-erp-trainer-freelance-fully-remote-munchen-441331,Oracle Fusion ERP Trainer (f/m/d) | Freelance | fully remote,Pineapple Recruiting GmbH,"Homeoffice, Remote",2026-10-02,"Miko, Remote","Experienced, temporary",,,,,,0,https://www.arbeitnow.com/jobs/companies/pineapple-recruiting-gmbh/oracle-fusion-erp-trainer-freelance-fully-remote-munchen-441331,2026-10-03T14:13:08Z,
arbeitnow_partner-marketing-specialist-paris-476851,Partner Marketing Specialist,Pennylane SAS,All France (remote),2026-10-02,Marketing,Full Time,,,,,,0,https://www.arbeitnow.fr/jobs/companies/pennylane-sas/partner-marketing-specialist-paris-476851,2026-10-03T14:13:08Z,
arbeitnow_post-doctorante-en-intelligence-artificielle-informee-par-la-physique-pour-la-modelisation-hydrogeologique-cdd-13-mois-imt-mines-ales-486401,Post-Doctorant·e en Intelligence artificielle informée par la physique pour la modélisation hydrogéologique - CDD 13 mois - IMT Mines Alès,Institut Mines-Télécom,"Alès, Occitanie, France",2026-10-02,Energies renouvelables et ressources,"Mid, fulltime fixed term",,,,,,1,https://www.arbeitnow.fr/jobs/companies/institut-mines-telecom/post-doctorante-en-intelligence-artificielle-informee-par-la-physique-pour-la-modelisation-hydrogeologique-cdd-13-mois-imt-mines-ales-486401,2026-10-03T14:13:08Z,
arbeitnow_practice-lead-media-data-consulting-solutions-osterreich-schweiz-zurich-35367,Practice Lead Media Data Consulting & Solutions (m/w/d) Österreich & Schweiz,wppmedia,Zurich,2026-10-02,Technology & Data,,,,,,,1,https://www.arbeitnow.ch/jobs/companies/wppmedia/practice-lead-media-data-consulting-solutions-osterreich-schweiz-zurich-35367,2026-10-03T14:13:08Z,
arbeitnow_praktikant-business-building-ai-automation-digital-education-mit-impact-berlin-108582,Praktikant Business Building & AI Automation (m/w/d) – Digital Education mit Impact,Talentspring Academy,Berlin,2026-10-02,"business building, automation, intern, ai, ki","Entry, Intern, Full time",,,,,,1,https://www.arbeitnow.com/jobs/companies/talentspring-academy/praktikant-business-building-ai-automation-digital-education-mit-impact-berlin-108582,2026-10-03T14:13:08Z,
arbeitnow_praktikant-werkstudent-ai-based-passenger-simulation-stuttgart-138549,Praktikant/Werkstudent „AI based passenger simulation“ (m/w/d),IPG Automotive - Personio,Stuttgart,2026-10-02,,"Student, Intern, Full or part time",,Python,,,,1,https://www.arbeitnow.com/jobs/companies/ipg-automotive-personio/praktikant-werkstudent-ai-based-passenger-simulation-stuttgart-138549,2026-10-03T14:13:08Z,
arbeitnow_praktikant-werkstudent-automatisiertes-infotainment-testing-stuttgart-401320,Praktikant/Werkstudent „Automatisiertes Infotainment Testing“ (m/w/d),IPG Automotive - Personio,Stuttgart,2026-10-02,,"Student, Intern, Full or part time",,Python,,,,1,https://www.arbeitnow.com/jobs/companies/ipg-automotive-personio/praktikant-werkstudent-automatisiertes-infotainment-testing-stuttgart-401320,2026-10-03T14:13:08Z,
arbeitnow_praktikant-werkstudent-forschung-innovation-datengetriebene-entwicklung-autonomer-systeme-karlsruhe-fautenbruchstrasse-360612,Praktikant/Werkstudent „Forschung & Innovation – Datengetriebene Entwicklung autonomer Systeme“ (m/w/d),IPG Automotive - Personio,Karlsruhe Fautenbruchstraße,2026-10-02,,"Student, Intern, Full or part time",,Python,,,,1,https://www.arbeitnow.com/jobs/companies/ipg-automotive-personio/praktikant-werkstudent-forschung-innovation-datengetriebene-entwicklung-autonomer-systeme-karlsruhe-fautenbruchstrasse-360612,2026-10-03T14:13:08Z,
arbeitnow_principal-engineer-classical-cryptography-architecture-geneva-175045,Principal Engineer - Classical Cryptography & Architecture,ionq,Geneva,2026-10-02,Quantum Platform - Network and Security,,,,,,,0,https://www.arbeitnow.ch/jobs/companies/ionq/principal-engineer-classical-cryptography-architecture-geneva-175045,2026-10-03T14:13:08Z,
arbeitnow_procurement-manager-finops-paris-180110,Procurement Manager - FinOps,Voodoo,Paris,2026-10-02,Corporate,Full Time,,,,,,1,https://www.arbeitnow.fr/jobs/companies/voodoo/procurement-manager-finops-paris-180110,2026-10-03T14:13:08Z,
arbeitnow_product-designer-uk-remote-united-kingdom-261305,Product Designer - UK (Remote),Immersivelabs,United Kingdom,2026-10-02,Product,Full Time,,,,,,1,https://www.arbeitnow.co.uk/jobs/companies/immersivelabs/product-designer-uk-remote-united-kingdom-261305,2026-10-03T14:13:08Z,
arbeitnow_product-manager-geneva-462921,Product Manager,ionq,Geneva,2026-10-02,Quantum Platform,,,,,,,0,https://www.arbeitnow.ch/jobs/companies/ionq/product-manager-geneva-462921,2026-10-03T14:13:08Z,
arbeitnow_product-manager-intern-connect-paris-489436,Product Manager Intern - Connect,Mirakl - Labs,"Paris, France",2026-10-02,,,,SQL,,,,1,https://www.arbeitnow.fr/jobs/companies/mirakl-labs/product-manager-intern-connect-paris-489436,2026-10-03T14:13:08Z,
arbeitnow_product-manager-intern-platform-paris-244586,Product Manager Intern - Platform,Mirakl - Labs,"Paris, Paris, France",2026-10-02,,,,Python,,,,1,https://www.arbeitnow.fr/jobs/companies/mirakl-labs/product-manager-intern-platform-paris-244586,2026-10-03T14:13:08Z,
arbeitnow_product-manager-new-grad-2026-berlin-380039,"Product Manager, New Grad (2026) - Berlin",databricks,Berlin,2026-10-02,University Recruiting - Product,,,"SQL, Python, Excel",,,,1,https://www.arbeitnow.com/jobs/companies/databricks/product-manager-new-grad-2026-berlin-380039,2026-10-03T14:13:08Z,
arbeitnow_professeure-en-data-ia-appliquee-aux-materiaux-et-procedes-rattachee-au-centre-institut-clement-ader-albi-ica-a-86654,Professeur(e) en Data/IA appliquée aux Matériaux et Procédés Rattaché(e) au Centre Institut Clément Ader Albi (ICA-A),Institut Mines-Télécom,"Albi, Occitanie, France",2026-10-02,Matériaux à haute performance et éco-matériaux,"Experienced, fulltime permanent",,,,,,1,https://www.arbeitnow.fr/jobs/companies/institut-mines-telecom/professeure-en-data-ia-appliquee-aux-materiaux-et-procedes-rattachee-au-centre-institut-clement-ader-albi-ica-a-86654,2026-10-03T14:13:08Z,
arbeitnow_projektleitung-versicherungs-software-all-genders-munchen-432625,Projektleitung Versicherungs-Software (all Genders),Global Side Gmbh,München,2026-10-02,"Projektmanagement, IT, Consulting, Implementierung, Software, private Krankenversicherung, Beihilfe, PKV, Versicherung","Experienced, Permanent, Full time",,,,,,0,https://www.arbeitnow.com/jobs/companies/global-side-gmbh/projektleitung-versicherungs-software-all-genders-munchen-432625,2026-10-03T14:13:08Z,
arbeitnow_propulsion-ait-principal-engineer-bordeaux-387660,Propulsion AIT Principal Engineer,The Exploration Company,"Bordeaux, France",2026-10-02,MAIT,Full Time,,,,,,0,https://www.arbeitnow.fr/jobs/companies/the-exploration-company/propulsion-ait-principal-engineer-bordeaux-387660,2026-10-03T14:13:08Z,
arbeitnow_propulsion-data-modeling-engineer-bordeaux-307676,Propulsion Data & Modeling Engineer,The Exploration Company,"Bordeaux, France",2026-10-02,Engineering,Full Time,,Python,,,,1,https://www.arbeitnow.fr/jobs/companies/the-exploration-company/propulsion-data-modeling-engineer-bordeaux-307676,2026-10-03T14:13:08Z,
arbeitnow_propulsion-gse-team-leader-bordeaux-213692,Propulsion GSE Team Leader,The Exploration Company,"Bordeaux, France",2026-10-02,MAIT,Full Time,,,,,,0,https://www.arbeitnow.fr/jobs/companies/the-exploration-company/propulsion-gse-team-leader-bordeaux-213692,2026-10-03T14:13:08Z,
arbeitnow_propulsion-test-engineer-bordeaux-487588,Propulsion Test Engineer,The Exploration Company,"Bordeaux, France",2026-10-02,MAIT,Full Time,,Python,,,,1,https://www.arbeitnow.fr/jobs/companies/the-exploration-company/propulsion-test-engineer-bordeaux-487588,2026-10-03T14:13:08Z,
arbeitnow_regional-marketing-intern-dach-market-paris-office-101236,"Regional Marketing Intern, DACH Market",Aircall,Paris Office,2026-10-02,11003 - Demand Generation,Internship,,,,,,0,https://www.arbeitnow.fr/jobs/companies/aircall/regional-marketing-intern-dach-market-paris-office-101236,2026-10-03T14:13:08Z,
arbeitnow_remote-account-receivable-specialist-36295,Account Receivable Specialist,Fal Ai,Remote,2026-10-02,Finance,Full Time,,,,,,0,https://www.arbeitnow.fr/jobs/companies/fal-ai/remote-account-receivable-specialist-36295,2026-10-03T14:13:08Z,
arbeitnow_remote-controller-104271,Controller,Notabene,"Remote, Remote",2026-10-02,Finance,Full Time,,,,,,0,https://www.arbeitnow.ch/jobs/companies/notabene/remote-controller-104271,2026-10-03T14:13:08Z,
arbeitnow_remote-director-of-sales-europe-361404,"Director of Sales, Europe",planetlabs,"Remote, Remote",2026-10-02,Sales Manager,,,,,,,0,https://www.arbeitnow.com/jobs/companies/planetlabs/remote-director-of-sales-europe-361404,2026-10-03T14:13:08Z,
arbeitnow_remote-enterprise-account-executive-iii-na-272858,Enterprise Account Executive III - NA,Camunda,"Remote, Remote",2026-10-02,Sales,Full Time,,,,,,0,https://www.arbeitnow.ch/jobs/companies/camunda/remote-enterprise-account-executive-iii-na-272858,2026-10-03T14:13:08Z,
arbeitnow_remote-enterprise-account-executive-iii-na-288211,Enterprise Account Executive III - NA,Camunda,Remote,2026-10-02,Sales,Full Time,,,,,,0,https://www.arbeitnow.fr/jobs/companies/camunda/remote-enterprise-account-executive-iii-na-288211,2026-10-03T14:13:08Z,
arbeitnow_remote-field-service-engineer-ess-pv-france-south-483664,Field Service Engineer (ESS / PV) - France (South),Sungrow Europe - Welcome traveler!,France - remote,2026-10-02,"Field Service, Engineer, Solar Energy, PV, ESS, EV, Technical Support, Customer Service, Installation, Maintenance","Experienced, Permanent, Full time",,,,,,0,https://www.arbeitnow.fr/jobs/companies/sungrow-europe-welcome-traveler/remote-field-service-engineer-ess-pv-france-south-483664,2026-10-03T14:13:08Z,
arbeitnow_remote-helicopter-engineer-ach135-yacht-based-med-caribbean-switzerland-451770,Helicopter Engineer - ACH135 | Yacht-Based | Med & Caribbean,Elesta,"Switzerland, Remote",2026-10-02,"Individual & Family Services, Technical Team, Remote",Full time,,,,,,0,https://www.arbeitnow.ch/jobs/companies/elesta/remote-helicopter-engineer-ach135-yacht-based-med-caribbean-switzerland-451770,2026-10-03T14:13:08Z,
arbeitnow_remote-java-entwicklerin-java-developer-backend-munster-325044,Java Entwickler:in / Java Developer Backend (w/m/d),BBHT Beratungsgesellschaft mbH & Co. KG,"Homeoffice, Remote",2026-10-02,Remote,"Experienced, fulltime permanent",,,,,,0,https://www.arbeitnow.com/jobs/companies/bbht-beratungsgesellschaft-mbh-co-kg/remote-java-entwicklerin-java-developer-backend-munster-325044,2026-10-03T14:13:08Z,
arbeitnow_remote-lead-technical-product-manager-rail-integrations-all-genders-berlin-261229,"Lead Technical Product Manager, Rail Integrations (all genders)",Distribusion Technologies,"Remote job, Remote",2026-10-02,"Product, Remote","Manager, fulltime permanent",,,,,,0,https://www.arbeitnow.com/jobs/companies/distribusion-technologies/remote-lead-technical-product-manager-rail-integrations-all-genders-berlin-261229,2026-10-03T14:13:08Z,
arbeitnow_remote-major-account-executive-134642,Major Account Executive,gitlab,"Remote, Remote",2026-10-02,EMEA - Enterprise,,,,,,,0,https://www.arbeitnow.com/jobs/companies/gitlab/remote-major-account-executive-134642,2026-10-03T14:13:08Z,
arbeitnow_remote-product-designer-212213,Product Designer (m/f/d),Impower,Remote Germany,2026-10-02,,"Experienced, Permanent, Part time",,,,,,0,https://www.arbeitnow.com/jobs/companies/impower/remote-product-designer-212213,2026-10-03T14:13:08Z,
arbeitnow_remote-sap-successfactors-consultant-87235,SAP SuccessFactors Consultant (m/w/d),IBS Schreiber GmbH,Remote,2026-10-02,"SAP Successfactors, SAP, SAP Concur, SAP IAG, One Identity Manager, Workshops, SAP HCM, Audit, Consulting, SAP Security, Pathlock, Informatik, Wirtschaftswissenschaften","Experienced, Permanent, Full time",,,,,,1,https://www.arbeitnow.fr/jobs/companies/ibs-schreiber-gmbh/remote-sap-successfactors-consultant-87235,2026-10-03T14:13:08Z,
arbeitnow_remote-senior-cloud-operations-engineer-all-genders-ch-baar-329699,Senior Cloud Operations Engineer (all genders) CH,BSI Software,"Homeoffice, Remote",2026-10-02,"Services, Remote","Mid, fulltime permanent",,Python,,,,1,https://www.arbeitnow.ch/jobs/companies/bsi-software/remote-senior-cloud-operations-engineer-all-genders-ch-baar-329699,2026-10-03T14:13:08Z,
arbeitnow_remote-senior-consultant-sap-s-4hana-sourcing-procurement-1737,Senior Consultant SAP S/4HANA Sourcing & Procurement (w/m/d),Workidentity,Remote,2026-10-02,"SAP, Public Cloud, Procurement","Experienced, Permanent, Full time",,,,,,0,https://www.arbeitnow.fr/jobs/companies/workidentity/remote-senior-consultant-sap-s-4hana-sourcing-procurement-1737,2026-10-03T14:13:08Z,
arbeitnow_remote-senior-it-architect-bonn-247683,Senior IT Architect (m/w/d),virtual7 GmbH,"Homeoffice, Remote",2026-10-02,"Customer Cluster Defense & Public Security, Remote","Experienced, freelance",,,,,,0,https://www.arbeitnow.com/jobs/companies/virtual7-gmbh/remote-senior-it-architect-bonn-247683,2026-10-03T14:13:08Z,
arbeitnow_remote-senior-manager-customer-success-engineering-121222,"Senior Manager, Customer Success Engineering",veeamsoftware,"Remote, Remote",2026-10-02,WW Customer Success 1009886,,,,,,,0,https://www.arbeitnow.com/jobs/companies/veeamsoftware/remote-senior-manager-customer-success-engineering-121222,2026-10-03T14:13:08Z,
arbeitnow_remote-senior-product-designer-design-systems-117305,"Senior Product Designer, Design Systems",Duck Duck Go,"Remote, Remote",2026-10-02,Design,Full Time,,,,,,0,https://www.arbeitnow.ch/jobs/companies/duck-duck-go/remote-senior-product-designer-design-systems-117305,2026-10-03T14:13:08Z,
arbeitnow_remote-senior-product-marketing-manager-emea-456189,Senior Product Marketing Manager - EMEA,Camunda,Remote,2026-10-02,Marketing,Full Time,,,,,,0,https://www.arbeitnow.fr/jobs/companies/camunda/remote-senior-product-marketing-manager-emea-456189,2026-10-03T14:13:08Z,
arbeitnow_remote-senior-sap-consultant-ewm-287565,Senior SAP Consultant EWM (m/w/d),Workidentity,Remote,2026-10-02,,"Experienced, Permanent, Full time",,,,,,0,https://www.arbeitnow.fr/jobs/companies/workidentity/remote-senior-sap-consultant-ewm-287565,2026-10-03T14:13:08Z,
arbeitnow_remote-senior-sap-ewm-consultant-solution-design-480586,Senior SAP EWM Consultant / Solution Design (m/w/d),Workidentity,Remote,2026-10-02,"SAP, EWM","Experienced, Permanent, Full time",,,,,,0,https://www.arbeitnow.fr/jobs/companies/workidentity/remote-senior-sap-ewm-consultant-solution-design-480586,2026-10-03T14:13:08Z,
arbeitnow_remote-senior-sap-integrationsberaterin-197504,(Senior) SAP Integrationsberater:in (m/w/d),Workidentity,Remote,2026-10-02,"SAP, CPI, BTP","Experienced, Permanent, Full time",,,,,,0,https://www.arbeitnow.fr/jobs/companies/workidentity/remote-senior-sap-integrationsberaterin-197504,2026-10-03T14:13:08Z,
arbeitnow_remote-strategic-account-executive-17405,Strategic Account Executive,gitlab,"Remote, Remote",2026-10-02,EMEA - Enterprise,,,,,,,0,https://www.arbeitnow.com/jobs/companies/gitlab/remote-strategic-account-executive-17405,2026-10-03T14:13:08Z,
arbeitnow_remote-strategic-account-executive-352960,Strategic Account Executive,gitlab,"Remote, Remote",2026-10-02,EMEA - Enterprise,,,,,,,0,https://www.arbeitnow.com/jobs/companies/gitlab/remote-strategic-account-executive-352960,2026-10-03T14:13:08Z,
arbeitnow_remote-strategic-account-executive-public-sector-367401,Strategic Account Executive - Public Sector,gitlab,"Remote, Remote",2026-10-02,EMEA - Enterprise,,,,,,,0,https://www.arbeitnow.com/jobs/companies/gitlab/remote-strategic-account-executive-public-sector-367401,2026-10-03T14:13:08Z,
arbeitnow_remote-strategic-account-executive-public-sector-421130,Strategic Account Executive - Public Sector,gitlab,"Remote, Remote",2026-10-02,EMEA - Enterprise,,,,,,,0,https://www.arbeitnow.com/jobs/companies/gitlab/remote-strategic-account-executive-public-sector-421130,2026-10-03T14:13:08Z,
arbeitnow_remote-trainee-im-finanzvertrieb-karriere-mit-struktur-verantwortung-und-perspektive-german-speaking-hamburg-323789,"Trainee (m/w/d) im Finanzvertrieb – Karriere mit Struktur, Verantwortung und Perspektive (German Speaking)",Kevin Kehr,"Homeoffice, Remote",2026-10-02,Remote,"Entry, fulltime permanent",,,,,,0,https://www.arbeitnow.com/jobs/companies/kevin-kehr/remote-trainee-im-finanzvertrieb-karriere-mit-struktur-verantwortung-und-perspektive-german-speaking-hamburg-323789,2026-10-03T14:13:08Z,
arbeitnow_remote-vendor-management-senior-analyst-uk-302003,Vendor Management Senior Analyst - UK,Marqeta Inc,Remote - UK,2026-10-02,All Cost Centers,Full Time,,,,,,0,https://www.arbeitnow.co.uk/jobs/companies/marqeta-inc/remote-vendor-management-senior-analyst-uk-302003,2026-10-03T14:13:08Z,
arbeitnow_remote-vip-helicopter-captain-ach135-yacht-based-mediterranean-caribbean-switzerland-290294,VIP Helicopter Captain - ACH135 | Yacht-Based | Mediterranean & Caribbean,Elesta,"Switzerland, Remote",2026-10-02,"Individual & Family Services, Technical Team, Remote",Full time,,,,,,0,https://www.arbeitnow.ch/jobs/companies/elesta/remote-vip-helicopter-captain-ach135-yacht-based-mediterranean-caribbean-switzerland-290294,2026-10-03T14:13:08Z,
arbeitnow_remote-werkstudent-finance-beratung-unternehmerisch-leistungsbasiert-hamburg-188206,"Werkstudent (m/w/d) – Finance & Beratung (unternehmerisch, leistungsbasiert)",Kevin Kehr,"Homeoffice, Remote",2026-10-02,Remote,"Entry, fulltime permanent",,,,,,0,https://www.arbeitnow.com/jobs/companies/kevin-kehr/remote-werkstudent-finance-beratung-unternehmerisch-leistungsbasiert-hamburg-188206,2026-10-03T14:13:08Z,
arbeitnow_retail-sales-manager-vertriebsmitarbeiter-berlin-130577,Retail Sales Manager / Vertriebsmitarbeiter (m/w/d),wolt,Berlin,2026-10-02,Merchant acquisition SMB,,,Excel,,,,1,https://www.arbeitnow.com/jobs/companies/wolt/retail-sales-manager-vertriebsmitarbeiter-berlin-130577,2026-10-03T14:13:08Z,
arbeitnow_retail-sales-manager-vertriebsmitarbeiter-berlin-391236,Retail Sales Manager / Vertriebsmitarbeiter (m/w/d),Wolt - English,"Berlin, Germany",2026-10-02,,,,Excel,,,,1,https://www.arbeitnow.com/jobs/companies/wolt-english/retail-sales-manager-vertriebsmitarbeiter-berlin-391236,2026-10-03T14:13:08Z,
arbeitnow_rf-electronics-engineer-electronic-warfare-paris-129242,RF Electronics Engineer (Electronic Warfare),Signal Processing Engineer (RF Processing & Analytics),Paris,2026-10-02,R&D,Full Time,,,,,,0,https://www.arbeitnow.fr/jobs/companies/signal-processing-engineer-rf-processing-analytics/rf-electronics-engineer-electronic-warfare-paris-129242,2026-10-03T14:13:08Z,
arbeitnow_rf-electronics-engineer-radar-paris-421383,RF Electronics Engineer (Radar),Signal Processing Engineer (RF Processing & Analytics),Paris,2026-10-02,R&D,Full Time,,,,,,0,https://www.arbeitnow.fr/jobs/companies/signal-processing-engineer-rf-processing-analytics/rf-electronics-engineer-radar-paris-421383,2026-10-03T14:13:08Z,
arbeitnow_sales-development-representative-sdr-scale-up-healthtech-paris-154489,Sales Development Representative (SDR) - Scale up Healthtech,Lifen,Paris,2026-10-02,Revenue,Full Time,,,,,,0,https://www.arbeitnow.fr/jobs/companies/lifen/sales-development-representative-sdr-scale-up-healthtech-paris-154489,2026-10-03T14:13:08Z,
arbeitnow_sap-transportation-management-solution-architect-heidelberg-germany-318499,SAP Transportation Management Solution Architect (f/m/d),Westernacher,"Heidelberg, Germany",2026-10-02,Europe,Experienced Professional,,,,,,0,https://www.arbeitnow.com/jobs/companies/westernacher/sap-transportation-management-solution-architect-heidelberg-germany-318499,2026-10-03T14:13:08Z,
arbeitnow_security-engineer-berlin-300329,Security Engineer,Kayak,Berlin Office,2026-10-02,Cost Centers,Full Time,,Python,,,,1,https://www.arbeitnow.com/jobs/companies/kayak/security-engineer-berlin-300329,2026-10-03T14:13:08Z,
arbeitnow_selbststandiger-finanzberater-haupt-oder-nebenberuflich-quereinstieg-in-hamburg-354564,Selbstständiger Finanzberater (m/w/d) haupt- oder nebenberuflich | Quereinstieg in Hamburg,Swiss Life Select Hamburg,Hamburg,2026-10-02,"Asset, Fonds Management",Side,,,,,,0,https://www.arbeitnow.com/jobs/companies/swiss-life-select-hamburg/selbststandiger-finanzberater-haupt-oder-nebenberuflich-quereinstieg-in-hamburg-354564,2026-10-03T14:13:08Z,
arbeitnow_senior-account-associate-medical-329275,Senior Account Associate - Medical,Realchemistry,,2026-10-02,EMEA Medical Education,,,,,,,0,https://www.arbeitnow.co.uk/jobs/companies/realchemistry/senior-account-associate-medical-329275,2026-10-03T14:13:08Z,
arbeitnow_senior-account-executive-telecommunications-f-h-paris-493038,Senior Account Executive - Telecommunications (F/H),ILLUIN Technology,Paris La Défense,2026-10-02,Business Development,Full Time,,,,,,0,https://www.arbeitnow.fr/jobs/companies/illuin-technology/senior-account-executive-telecommunications-f-h-paris-493038,2026-10-03T14:13:08Z,
arbeitnow_senior-account-manager-341819,(Senior) Account Manager (m/w/d),Sitsgroup,,2026-10-02,Sales,,,,,,,0,https://www.arbeitnow.com/jobs/companies/sitsgroup/senior-account-manager-341819,2026-10-03T14:13:08Z,
arbeitnow_senior-account-manager-berlin-264328,(Senior) Account Manager (m/w/d),Friendventure,Berlin,2026-10-02,"Account Management, Social Media, Social-Ads, Performance-Ads, Performance","Experienced, Permanent, Full time",,,,,,0,https://www.arbeitnow.com/jobs/companies/friendventure/senior-account-manager-berlin-264328,2026-10-03T14:13:08Z,
arbeitnow_senior-account-manager-koln-475037,(Senior) Account Manager (m/w/d),Friendventure,Köln,2026-10-02,"Account Management, Social Media, Social-Ads, Performance-Ads, Performance","Experienced, Permanent, Full time",,,,,,0,https://www.arbeitnow.com/jobs/companies/friendventure/senior-account-manager-koln-475037,2026-10-03T14:13:08Z,
arbeitnow_senior-account-manager-london-129501,Senior Account Manager,oliver,London,2026-10-02,Client Services/Account Management,,,,,,,0,https://www.arbeitnow.co.uk/jobs/companies/oliver/senior-account-manager-london-129501,2026-10-03T14:13:08Z,
arbeitnow_senior-ai-engineer-agents-and-platform-berlin-42000,"Senior AI Engineer, Agents and Platform (f/m/d)",Xu De,Berlin,2026-10-02,"AI, AI engineering, sports business","Experienced, Permanent, Full time",,,,,,0,https://www.arbeitnow.com/jobs/companies/xu-de/senior-ai-engineer-agents-and-platform-berlin-42000,2026-10-03T14:13:08Z,
arbeitnow_senior-ai-platform-engineer-data-factory-paris-paris-villeneuve-dascq-nord-330115,Senior AI Platform Engineer - Data Factory (f/m/d),Decathlontechnology,"Paris, Paris; Villeneuve-d'Ascq, Nord",2026-10-02,Data,,,,,,,1,https://www.arbeitnow.fr/jobs/companies/decathlontechnology/senior-ai-platform-engineer-data-factory-paris-paris-villeneuve-dascq-nord-330115,2026-10-03T14:13:08Z,
arbeitnow_senior-applied-ai-manager-f-h-paris-311823,Senior Applied AI Manager (F/H),ILLUIN Technology,Paris La Défense,2026-10-02,Data Science,Full Time,,,,,,0,https://www.arbeitnow.fr/jobs/companies/illuin-technology/senior-applied-ai-manager-f-h-paris-311823,2026-10-03T14:13:08Z,
arbeitnow_senior-automation-ot-engineer-n-e-visp-395941,Senior Automation & OT Engineer e/v/e/r/y/o/n/e,ten23 health AG,Visp,2026-10-02,,"Experienced, Permanent, Full time",,,,,,0,https://www.arbeitnow.ch/jobs/companies/ten23-health-ag/senior-automation-ot-engineer-n-e-visp-395941,2026-10-03T14:13:08Z,
arbeitnow_senior-backend-engineer-b2b-saas-startup-berlin-275247,Senior Backend Engineer (B2B SaaS Startup),Traide Ai,Berlin,2026-10-02,"TypeScript, Python, Software Development, Relational Database, Backend, AI, LLM","Experienced, Permanent, Full time",,Python,,,,1,https://www.arbeitnow.com/jobs/companies/traide-ai/senior-backend-engineer-b2b-saas-startup-berlin-275247,2026-10-03T14:13:08Z,
arbeitnow_senior-backend-software-engineer-cloud-monetization-platform-290808,Senior Backend Software Engineer (Cloud Monetization Platform),Nebius,,2026-10-02,Backend,,,Python,,,,1,https://www.arbeitnow.co.uk/jobs/companies/nebius/senior-backend-software-engineer-cloud-monetization-platform-290808,2026-10-03T14:13:08Z,
arbeitnow_senior-beraterin-und-programm-managerin-kooperationen-collective-impact-berlin-315501,Senior Berater*in und Programm-Manager*in Kooperationen & Collective Impact (m/w/d),Phineo,Berlin,2026-10-02,"Beratung, Kooperationen, Collective Impact","Experienced, Temporary, Full or part time",,,,,,0,https://www.arbeitnow.com/jobs/companies/phineo/senior-beraterin-und-programm-managerin-kooperationen-collective-impact-berlin-315501,2026-10-03T14:13:08Z,
arbeitnow_senior-business-development-manager-dissemination-distribution-paris-400869,Senior Business Development Manager - Dissemination & Distribution,Fe Fundinfo,"Paris, France",2026-10-02,"Sales, Financial Services, Commercial","Full time, mid-senior",,,,,,0,https://www.arbeitnow.fr/jobs/companies/fe-fundinfo/senior-business-development-manager-dissemination-distribution-paris-400869,2026-10-03T14:13:08Z,
arbeitnow_senior-chemical-purchaser-80-100-hedingen-322002,Senior Chemical Purchaser (80 - 100%),Kolb Distribution Ltd,Hedingen,2026-10-02,"Chemical Procurement, Chemical Purchaser, Purchasing","Experienced, Permanent, Full time",,,,,,0,https://www.arbeitnow.ch/jobs/companies/kolb-distribution-ltd/senior-chemical-purchaser-80-100-hedingen-322002,2026-10-03T14:13:08Z,
arbeitnow_senior-compliance-legal-manager-karlsruhe-fautenbruchstrasse-162830,(Senior) Compliance & Legal Manager (m/w/d),IPG Automotive - Personio,Karlsruhe Fautenbruchstraße,2026-10-02,,"Experienced, Permanent, Full time",,,,,,0,https://www.arbeitnow.com/jobs/companies/ipg-automotive-personio/senior-compliance-legal-manager-karlsruhe-fautenbruchstrasse-162830,2026-10-03T14:13:08Z,
arbeitnow_senior-computational-geometry-engineer-zurich-97918,Senior Computational Geometry Engineer,Saeki,Zurich,2026-10-02,"Computational Geometry, Computational Mathematics, CAD, Manufacturing","Experienced, Permanent, Full time",,Python,,,,1,https://www.arbeitnow.ch/jobs/companies/saeki/senior-computational-geometry-engineer-zurich-97918,2026-10-03T14:13:08Z,
arbeitnow_senior-cryptography-engineer-geneva-295248,Senior Cryptography Engineer,ionq,Geneva,2026-10-02,Quantum Platform - Network and Security,,,Python,,,,1,https://www.arbeitnow.ch/jobs/companies/ionq/senior-cryptography-engineer-geneva-295248,2026-10-03T14:13:08Z,
arbeitnow_senior-customer-marketer-anywhere-in-france-303830,Senior Customer Marketer,Alan,Anywhere in France,2026-10-02,Marketing,Full Time,,,,,,0,https://www.arbeitnow.fr/jobs/companies/alan/senior-customer-marketer-anywhere-in-france-303830,2026-10-03T14:13:08Z,
arbeitnow_senior-data-analyst-backend-e-commerce-lille-upline-nord-192688,Senior Data Analyst Backend E-commerce (f/m/d),Decathlontechnology,"Lille, Upline, Nord",2026-10-02,Data,,,"SQL, Python, Tableau, dbt",,,,1,https://www.arbeitnow.fr/jobs/companies/decathlontechnology/senior-data-analyst-backend-e-commerce-lille-upline-nord-192688,2026-10-03T14:13:08Z,
arbeitnow_senior-devops-engineer-aws-cdk-berlin-338465,Senior DevOps Engineer (AWS + CDK),JTL-Software-GmbH,Berlin,2026-10-02,,"Experienced, Permanent, Full time",,Python,,,,1,https://www.arbeitnow.com/jobs/companies/jtl-software-gmbh/senior-devops-engineer-aws-cdk-berlin-338465,2026-10-03T14:13:08Z,
arbeitnow_senior-director-emea-south-paris-74169,Senior Director EMEA South,Coreweaveu,Paris,2026-10-02,Global Field Organization,,,,,,,1,https://www.arbeitnow.fr/jobs/companies/coreweaveu/senior-director-emea-south-paris-74169,2026-10-03T14:13:08Z,
arbeitnow_senior-director-of-machine-learning-engineering-berlin-berlin-299559,Senior Director of Machine Learning Engineering,hellofresh,"Berlin, Berlin",2026-10-02,Tech,,,,,,,1,https://www.arbeitnow.com/jobs/companies/hellofresh/senior-director-of-machine-learning-engineering-berlin-berlin-299559,2026-10-03T14:13:08Z,
arbeitnow_senior-dynamics-365-power-platform-technical-lead-liebefeld-bern-switzerland-498734,Senior Dynamics 365 & Power Platform Technical Lead,Speedgoat,"Liebefeld, Bern, Switzerland",2026-10-02,,"Experienced, Permanent, Full or part time",,Power BI,,,,1,https://www.arbeitnow.ch/jobs/companies/speedgoat/senior-dynamics-365-power-platform-technical-lead-liebefeld-bern-switzerland-498734,2026-10-03T14:13:08Z,
arbeitnow_senior-electronics-engineer-munich-bavaria-42800,(Senior) Electronics Engineer (m/f/d),Agilerobotsse,"Munich, Bavaria",2026-10-02,Mechatronics Hardware,,,,,,,0,https://www.arbeitnow.com/jobs/companies/agilerobotsse/senior-electronics-engineer-munich-bavaria-42800,2026-10-03T14:13:08Z,
arbeitnow_senior-fsqa-manager-phf-all-genders-berlin-berlin-328691,Senior FSQA Manager - PHF (all genders),hellofresh,"Berlin, Berlin",2026-10-02,Food Safety and Quality,,,,,,,0,https://www.arbeitnow.com/jobs/companies/hellofresh/senior-fsqa-manager-phf-all-genders-berlin-berlin-328691,2026-10-03T14:13:08Z,
arbeitnow_senior-global-operations-associate-paris-304176,Senior Global Operations Associate,Flexport,Paris,2026-10-02,Global Operations,,,,,,,0,https://www.arbeitnow.fr/jobs/companies/flexport/senior-global-operations-associate-paris-304176,2026-10-03T14:13:08Z,
arbeitnow_senior-growth-marketing-manager-koln-406729,Senior Growth Marketing Manager (m/w/d),Friendventure,Köln,2026-10-02,"Growth, Growth Marketing, Marketing, Sales","Experienced, Permanent, Full time",,SQL,,,,1,https://www.arbeitnow.com/jobs/companies/friendventure/senior-growth-marketing-manager-koln-406729,2026-10-03T14:13:08Z,
arbeitnow_senior-ict-system-engineer-zurich-145435,Senior ICT System Engineer (m/w/d),Mpirix AG,Zürich,2026-10-02,,"Experienced, Permanent, Full time",,Python,,,,1,https://www.arbeitnow.ch/jobs/companies/mpirix-ag/senior-ict-system-engineer-zurich-145435,2026-10-03T14:13:08Z,
arbeitnow_senior-ios-engineer-kmp-pos-paris-217279,Senior iOS Engineer (KMP) - POS,SumUp,"Paris, France",2026-10-02,,,,,,,,0,https://www.arbeitnow.fr/jobs/companies/sumup/senior-ios-engineer-kmp-pos-paris-217279,2026-10-03T14:13:08Z,
arbeitnow_senior-ios-engineer-paris-14438,Senior iOS Engineer,Voodoo,Paris,2026-10-02,Engineering & Data,Full Time,,,,,,0,https://www.arbeitnow.fr/jobs/companies/voodoo/senior-ios-engineer-paris-14438,2026-10-03T14:13:08Z,
arbeitnow_senior-lifecycle-marketing-manager-all-genders-berlin-berlin-164937,Senior Lifecycle Marketing Manager (all genders),hellofresh,"Berlin, Berlin",2026-10-02,Marketing,,,,,,,0,https://www.arbeitnow.com/jobs/companies/hellofresh/senior-lifecycle-marketing-manager-all-genders-berlin-berlin-164937,2026-10-03T14:13:08Z,
arbeitnow_senior-manager-finance-accounting-advisory-us-markets-schweiz-zurich-167224,(Senior) Manager (f/m/d) Finance & Accounting Advisory - US Markets,Cfgigermany,Schweiz (Zürich),2026-10-02,,"Experienced, Permanent, Full time",,,,,,0,https://www.arbeitnow.ch/jobs/companies/cfgigermany/senior-manager-finance-accounting-advisory-us-markets-schweiz-zurich-167224,2026-10-03T14:13:08Z,
arbeitnow_senior-manager-mes-manufacturing-transformation-hybrid-310202,Senior Manager MES / Manufacturing Transformation | m/w/d,Msg Industry Advisors Ag,Hybrid,2026-10-02,,"Entry, Permanent, Full time",,,,,,0,https://www.arbeitnow.fr/jobs/companies/msg-industry-advisors-ag/senior-manager-mes-manufacturing-transformation-hybrid-310202,2026-10-03T14:13:08Z,
arbeitnow_senior-manager-of-global-communications-london-188584,Senior Manager of Global Communications,Quince,London,2026-10-02,Brand Marketing,,,,,,,1,https://www.arbeitnow.co.uk/jobs/companies/quince/senior-manager-of-global-communications-london-188584,2026-10-03T14:13:08Z,
arbeitnow_senior-mechanical-engineer-geneva-199679,Senior Mechanical Engineer,ionq,Geneva,2026-10-02,Quantum Platform - Network and Security,,,,,,,0,https://www.arbeitnow.ch/jobs/companies/ionq/senior-mechanical-engineer-geneva-199679,2026-10-03T14:13:08Z,
arbeitnow_senior-platform-engineer-united-kingdom-united-kingdom-london-and-surrounding-areas-285039,Senior Platform Engineer (United Kingdom),Second Front Systems,"United Kingdom, London and Surrounding Areas",2026-10-02,Engineering,Full Time,,,,,,0,https://www.arbeitnow.co.uk/jobs/companies/second-front-systems/senior-platform-engineer-united-kingdom-united-kingdom-london-and-surrounding-areas-285039,2026-10-03T14:13:08Z,
arbeitnow_senior-product-designer-all-genders-berlin-9351,Senior Product Designer (all genders),JustPlay GmbH,Berlin (Hybrid),2026-10-02,Product,Full Time,,,,,,1,https://www.arbeitnow.com/jobs/companies/justplay-gmbh/senior-product-designer-all-genders-berlin-9351,2026-10-03T14:13:08Z,
arbeitnow_senior-product-designer-london-127085,Senior Product Designer,Wearebeyondsports,London,2026-10-02,Beyond Sports,Full Time,,Excel,,,,1,https://www.arbeitnow.co.uk/jobs/companies/wearebeyondsports/senior-product-designer-london-127085,2026-10-03T14:13:08Z,
arbeitnow_senior-product-manager-business-applications-development-berlin-munich-305759,Senior Product Manager (Business Applications Development),jetbrains,Berlin; Munich,2026-10-02,Business Applications Development,,,,,,,1,https://www.arbeitnow.com/jobs/companies/jetbrains/senior-product-manager-business-applications-development-berlin-munich-305759,2026-10-03T14:13:08Z,
arbeitnow_senior-product-manager-mobile-227552,"Senior Product Manager, Mobile",mozilla,,2026-10-02,Firefox,,,,,,,1,https://www.arbeitnow.com/jobs/companies/mozilla/senior-product-manager-mobile-227552,2026-10-03T14:13:08Z,
arbeitnow_senior-product-manager-paris-145340,Senior Product Manager,Resilience Care,Paris,2026-10-02,Product - Product Management,Full Time,,,,,,0,https://www.arbeitnow.fr/jobs/companies/resilience-care/senior-product-manager-paris-145340,2026-10-03T14:13:08Z,
arbeitnow_senior-project-manager-200890,Senior Project Manager,Cognite,,2026-10-02,Value Delivery,,,Tableau,,,,1,https://www.arbeitnow.fr/jobs/companies/cognite/senior-project-manager-200890,2026-10-03T14:13:08Z,
arbeitnow_senior-project-manager-berlin-253806,(Senior) Project Manager (m/w/d),Neofonie Gmbh 1,Berlin,2026-10-02,"Projektmanagement, Webprojekte, Digitalprojekte, Behördenprojekte, Agile Methoden, Stakeholder-Management","Experienced, Permanent, Full or part time",,,,,,0,https://www.arbeitnow.com/jobs/companies/neofonie-gmbh-1/senior-project-manager-berlin-253806,2026-10-03T14:13:08Z,
arbeitnow_senior-project-manager-digital-plattform-automotive-hamburg-182713,Senior Project Manager Digital Plattform Automotive (m/w/d),BBDO Germany,Hamburg,2026-10-02,"Projectmanagement, Digital, Plattform, Automotive","Experienced, Permanent, Full time",,,,,,0,https://www.arbeitnow.com/jobs/companies/bbdo-germany/senior-project-manager-digital-plattform-automotive-hamburg-182713,2026-10-03T14:13:08Z,
arbeitnow_senior-rd-scientist-geneva-140003,Senior R&D Scientist,ionq,Geneva,2026-10-02,Quantum Platform - Network and Security,,,,,,,0,https://www.arbeitnow.ch/jobs/companies/ionq/senior-rd-scientist-geneva-140003,2026-10-03T14:13:08Z,
arbeitnow_senior-recruiter-277707,Senior Recruiter,zscaler,,2026-10-02,Talent Acquisition,,,,,,,0,https://www.arbeitnow.com/jobs/companies/zscaler/senior-recruiter-277707,2026-10-03T14:13:08Z,
arbeitnow_senior-research-scientist-architectures-research-378886,Senior Research Scientist (Architectures Research),Nebius,,2026-10-02,ML,,,Python,,,,1,https://www.arbeitnow.co.uk/jobs/companies/nebius/senior-research-scientist-architectures-research-378886,2026-10-03T14:13:08Z,
arbeitnow_senior-sap-consultant-real-estate-management-re-re-fx-berlin-398071,"Senior SAP Consultant (m/w/d) - Real Estate Management (RE, RE-FX)",Promos Consult Gmbh,Berlin,2026-10-02,,"Experienced, Permanent, Full or part time",,,,,,0,https://www.arbeitnow.com/jobs/companies/promos-consult-gmbh/senior-sap-consultant-real-estate-management-re-re-fx-berlin-398071,2026-10-03T14:13:08Z,
arbeitnow_senior-sap-hcm-solution-integration-architect-freelance-bonn-416412,Senior SAP HCM Solution & Integration Architect - Freelance,Sidekick Network GmbH & Co. KG,"Bonn, Remote",2026-10-02,"Remote, IT","Freelance, professional / experienced",,,,,,0,https://www.arbeitnow.com/jobs/companies/sidekick-network-gmbh-co-kg/senior-sap-hcm-solution-integration-architect-freelance-bonn-416412,2026-10-03T14:13:08Z,
arbeitnow_senior-software-engineer-ai-automation-hybrid-476748,Senior Software Engineer AI & Automation (d/m/w),Listan Gmbh,Hybrid,2026-10-02,"Automation, KI, AI, Technical AI Developer","Experienced, Permanent, Full time",,,,,,1,https://www.arbeitnow.fr/jobs/companies/listan-gmbh/senior-software-engineer-ai-automation-hybrid-476748,2026-10-03T14:13:08Z,
arbeitnow_senior-software-engineer-backend-global-marts-berlin-398815,Senior Software Engineer (Backend) - Global Marts,wolt,Berlin,2026-10-02,Merchant Engineering,,,"Excel, Snowflake",,,,1,https://www.arbeitnow.com/jobs/companies/wolt/senior-software-engineer-backend-global-marts-berlin-398815,2026-10-03T14:13:08Z,
arbeitnow_senior-software-engineer-capacity-and-quota-management-416218,Senior Software Engineer (Capacity and Quota Management),Nebius,,2026-10-02,Backend,,,Python,,,,1,https://www.arbeitnow.co.uk/jobs/companies/nebius/senior-software-engineer-capacity-and-quota-management-416218,2026-10-03T14:13:08Z,
arbeitnow_senior-software-engineer-connectors-platform-paris-149614,"Senior Software Engineer, Connectors Platform",Algolia,Paris,2026-10-02,R&D,,,,,,,0,https://www.arbeitnow.fr/jobs/companies/algolia/senior-software-engineer-connectors-platform-paris-149614,2026-10-03T14:13:08Z,
arbeitnow_senior-software-engineer-data-search-remote-europe-paris-389109,"Senior Software Engineer - Data Search (remote, Europe)",Modash,"Paris, France, Remote",2026-10-02,"Engineering, Computer Software, Data, Remote","Full time, mid-senior",,Python,,,,1,https://www.arbeitnow.fr/jobs/companies/modash/senior-software-engineer-data-search-remote-europe-paris-389109,2026-10-03T14:13:08Z,
arbeitnow_senior-software-engineer-full-stack-new-verticals-london-156273,"Senior Software Engineer, Full-Stack - New Verticals",Deliveroo,"London, England, United Kingdom",2026-10-02,,,,Python,,,,1,https://www.arbeitnow.co.uk/jobs/companies/deliveroo/senior-software-engineer-full-stack-new-verticals-london-156273,2026-10-03T14:13:08Z,
arbeitnow_senior-software-engineer-zurich-29909,(Senior) Software Engineer,Distran,Zürich,2026-10-02,"Software Engineer, Developer, Senior Software Engineer, Python Developer, C++ Developer","Experienced, Fixed term, Full time",,Python,,,,1,https://www.arbeitnow.ch/jobs/companies/distran/senior-software-engineer-zurich-29909,2026-10-03T14:13:08Z,
arbeitnow_senior-sports-practitioner-berlin-219367,Senior Sports Practitioner (f/m/d),Xu De,Berlin,2026-10-02,,"Experienced, Permanent, Full time",,,,,,0,https://www.arbeitnow.com/jobs/companies/xu-de/senior-sports-practitioner-berlin-219367,2026-10-03T14:13:08Z,
arbeitnow_senior-technical-implementation-engineer-united-kingdom-united-kingdom-london-and-surrounding-areas-32724,Senior Technical Implementation Engineer (United Kingdom),Second Front Systems,"United Kingdom, London and Surrounding Areas",2026-10-02,Implementations,Full Time,,,,,,0,https://www.arbeitnow.co.uk/jobs/companies/second-front-systems/senior-technical-implementation-engineer-united-kingdom-united-kingdom-london-and-surrounding-areas-32724,2026-10-03T14:13:08Z,
arbeitnow_senior-technical-program-manager-munich-bavaria-432718,(Senior) Technical Program Manager (m/f/d),Agilerobotsse,"Munich, Bavaria",2026-10-02,R&D Humanoids,,,,,,,1,https://www.arbeitnow.com/jobs/companies/agilerobotsse/senior-technical-program-manager-munich-bavaria-432718,2026-10-03T14:13:08Z,
arbeitnow_senior-technical-project-program-manager-defense-and-public-programs-munich-89177,Senior Technical Project/Program Manager — Defense and Public Programs,Apex Ai,Munich,2026-10-02,Program Management,Full-Time,,,,,,0,https://www.arbeitnow.com/jobs/companies/apex-ai/senior-technical-project-program-manager-defense-and-public-programs-munich-89177,2026-10-03T14:13:08Z,
arbeitnow_senior-web-engineer-react-remote-friendly-paris-445363,Senior Web Engineer (React) - Remote Friendly,Qonto,Paris,2026-10-02,Web,Full-time,,,,,,0,https://www.arbeitnow.fr/jobs/companies/qonto/senior-web-engineer-react-remote-friendly-paris-445363,2026-10-03T14:13:08Z,
arbeitnow_simulation-engineer-drone-physical-models-integration-paris-142818,Simulation Engineer - Drone Physical Models Integration,Signal Processing Engineer (RF Processing & Analytics),Paris,2026-10-02,R&D,Full Time,,Python,,,,1,https://www.arbeitnow.fr/jobs/companies/signal-processing-engineer-rf-processing-analytics/simulation-engineer-drone-physical-models-integration-paris-142818,2026-10-03T14:13:08Z,
arbeitnow_software-developer-webapp-pwa-neuss-296628,Software Developer (m/w/d) – WebApp / PWA,Agentur für Haushaltshilfe GmbH,"Neuss, Nordrhein-Westfalen, Deutschland",2026-10-02,Zentrale,"Mid, fulltime permanent",,Python,,,,1,https://www.arbeitnow.com/jobs/companies/agentur-fur-haushaltshilfe-gmbh/software-developer-webapp-pwa-neuss-296628,2026-10-03T14:13:08Z,
arbeitnow_software-engineer-glasgow-20047,Software Engineer,Spire,"Glasgow, Scotland, United Kingdom",2026-10-02,,,,Python,,,,1,https://www.arbeitnow.co.uk/jobs/companies/spire/software-engineer-glasgow-20047,2026-10-03T14:13:08Z,
arbeitnow_software-engineer-glasgow-393268,Software Engineer,spire,Glasgow,2026-10-02,Engineering,,,Python,,,,1,https://www.arbeitnow.co.uk/jobs/companies/spire/software-engineer-glasgow-393268,2026-10-03T14:13:08Z,
arbeitnow_software-engineer-ii-full-stack-new-verticals-london-245260,"Software Engineer II, Full-Stack - New Verticals",Deliveroo,"London, England, United Kingdom",2026-10-02,,,,Python,,,,1,https://www.arbeitnow.co.uk/jobs/companies/deliveroo/software-engineer-ii-full-stack-new-verticals-london-245260,2026-10-03T14:13:08Z,
arbeitnow_software-engineer-industrial-robot-control-munich-bavaria-17126,Software Engineer (m/f/d) Industrial Robot Control,Agilerobotsse,"Munich, Bavaria",2026-10-02,Mechatronics Software,,,Python,,,,1,https://www.arbeitnow.com/jobs/companies/agilerobotsse/software-engineer-industrial-robot-control-munich-bavaria-17126,2026-10-03T14:13:08Z,
arbeitnow_software-engineer-onecheckout-lille-upline-nord-342498,Software Engineer - OneCheckout (f/m/d),Decathlontechnology,"Lille, Upline, Nord",2026-10-02,Engineering,,,,,,,0,https://www.arbeitnow.fr/jobs/companies/decathlontechnology/software-engineer-onecheckout-lille-upline-nord-342498,2026-10-03T14:13:08Z,
arbeitnow_software-engineering-intern-2027-start-berlin-57480,Software Engineering Intern (2027 Start) - Berlin,databricks,Berlin,2026-10-02,University Recruiting - Engineering,,,"Python, Excel",,,,1,https://www.arbeitnow.com/jobs/companies/databricks/software-engineering-intern-2027-start-berlin-57480,2026-10-03T14:13:08Z,
arbeitnow_solution-unit-lead-ai-data-zurich-26795,Solution Unit Lead - AI & Data,isolutions,Zürich,2026-10-02,"AI, Consulting, Copilot, Management, Leadership","Experienced, Permanent, Full time",,,,,,0,https://www.arbeitnow.ch/jobs/companies/isolutions/solution-unit-lead-ai-data-zurich-26795,2026-10-03T14:13:08Z,
arbeitnow_solutions-engineer-enterprise-london-210320,"Solutions Engineer, Enterprise",scaleai,London,2026-10-02,Enterprise Sales,,,Python,,,,1,https://www.arbeitnow.co.uk/jobs/companies/scaleai/solutions-engineer-enterprise-london-210320,2026-10-03T14:13:08Z,
arbeitnow_sr-clinical-research-associate-contractor-france-paris-386678,Sr Clinical Research Associate Contractor (France),Allucent,"Paris, France",2026-10-02,"Pharmaceuticals, Product Development Operations (PDO)","Part time, mid-senior",,,,,,0,https://www.arbeitnow.fr/jobs/companies/allucent/sr-clinical-research-associate-contractor-france-paris-386678,2026-10-03T14:13:08Z,
arbeitnow_sr-enterprise-account-executive-247651,Sr. Enterprise Account Executive,Sentinellabs,,2026-10-02,43600 Enterprise Sales - EMEA,,,,,,,1,https://www.arbeitnow.fr/jobs/companies/sentinellabs/sr-enterprise-account-executive-247651,2026-10-03T14:13:08Z,
arbeitnow_staff-applied-ai-engineer-london-172035,Staff Applied AI Engineer,scaleai,London,2026-10-02,GPS Engineering,,,,,,,0,https://www.arbeitnow.co.uk/jobs/companies/scaleai/staff-applied-ai-engineer-london-172035,2026-10-03T14:13:08Z,
arbeitnow_staff-cryptography-engineer-geneva-70491,Staff Cryptography Engineer,ionq,Geneva,2026-10-02,Quantum Platform - Network and Security,,,Python,,,,1,https://www.arbeitnow.ch/jobs/companies/ionq/staff-cryptography-engineer-geneva-70491,2026-10-03T14:13:08Z,
arbeitnow_staff-data-platform-engineer-berlin-323763,Staff Data Platform Engineer,Kayak,Berlin Office,2026-10-02,Cost Centers,Full Time,,Python,,,,1,https://www.arbeitnow.com/jobs/companies/kayak/staff-data-platform-engineer-berlin-323763,2026-10-03T14:13:08Z,
arbeitnow_staff-devsecops-engineer-geneva-182974,Staff DevSecOps Engineer,ionq,Geneva,2026-10-02,Quantum Platform - Network and Security,,,,,,,0,https://www.arbeitnow.ch/jobs/companies/ionq/staff-devsecops-engineer-geneva-182974,2026-10-03T14:13:08Z,
arbeitnow_staff-software-engineer-vehicle-configuration-platform-berlin-312145,"Staff Software Engineer, Vehicle Configuration Platform",Rivianvw.tech,Berlin,2026-10-02,Technology and Innovation,Full Time,,Python,,,,1,https://www.arbeitnow.com/jobs/companies/rivianvwtech/staff-software-engineer-vehicle-configuration-platform-berlin-312145,2026-10-03T14:13:08Z,
arbeitnow_staff-system-architect-snspd-systems-geneva-477414,Staff System Architect -SNSPD Systems,ionq,Geneva,2026-10-02,Quantum Platform - Network and Security,,,,,,,0,https://www.arbeitnow.ch/jobs/companies/ionq/staff-system-architect-snspd-systems-geneva-477414,2026-10-03T14:13:08Z,
arbeitnow_staff-technical-product-manager-london-397314,Staff Technical Product Manager,scaleai,London,2026-10-02,GPS,,,,,,,0,https://www.arbeitnow.co.uk/jobs/companies/scaleai/staff-technical-product-manager-london-397314,2026-10-03T14:13:08Z,
arbeitnow_staff-windows-low-level-c-engineer-endpoint-security-447800,Staff Windows Low Level C++ Engineer - Endpoint security,Sentinellabs,,2026-10-02,26000 Runtime Protection,,,,,,,1,https://www.arbeitnow.fr/jobs/companies/sentinellabs/staff-windows-low-level-c-engineer-endpoint-security-447800,2026-10-03T14:13:08Z,
arbeitnow_stage-developpeureuse-ia-generative-janvier-2027-saint-denis-460197,Stage - Développeur(euse) IA Générative (H/F/X) - Janvier 2027,Veepee,Saint-Denis,2026-10-02,Engineering,Internship,,Python,,,,1,https://www.arbeitnow.fr/jobs/companies/veepee/stage-developpeureuse-ia-generative-janvier-2027-saint-denis-460197,2026-10-03T14:13:08Z,
arbeitnow_stage-junior-copywriter-paris-297184,Stage - Junior Copywriter,We Are Social 1,"Paris, France",2026-10-02,"Art/Creative, Marketing and Advertising, Creative","Other, internship",,,,,,0,https://www.arbeitnow.fr/jobs/companies/we-are-social-1/stage-junior-copywriter-paris-297184,2026-10-03T14:13:08Z,
arbeitnow_stage-junior-fullstack-engineer-paris-331624,STAGE - Junior Fullstack Engineer,Doctrine,Paris,2026-10-02,Engineering,Intern,,,,,,0,https://www.arbeitnow.fr/jobs/companies/doctrine/stage-junior-fullstack-engineer-paris-331624,2026-10-03T14:13:08Z,
arbeitnow_stage-junior-fullstack-engineer-productivity-paris-46965,STAGE - Junior Fullstack Engineer - Productivity,Doctrine,Paris,2026-10-02,Engineering,Intern,,,,,,0,https://www.arbeitnow.fr/jobs/companies/doctrine/stage-junior-fullstack-engineer-productivity-paris-46965,2026-10-03T14:13:08Z,
arbeitnow_stage-purchasing-support-mendrisio-474002,Stage – Purchasing Support,Boggi Milano,"Mendrisio, Ticino, Switzerland",2026-10-02,,"Entry, internship",,Excel,,,,1,https://www.arbeitnow.ch/jobs/companies/boggi-milano/stage-purchasing-support-mendrisio-474002,2026-10-03T14:13:08Z,
arbeitnow_steuerfachangestellter-oder-fachinformatiker-schwerpunkt-kanzleiorganisation-datev-hamburg-318113,Steuerfachangestellter oder Fachinformatiker (m/w/d) Schwerpunkt Kanzleiorganisation & DATEV,Ba Tax Gmbh,Hamburg,2026-10-02,"DATEV, Steuerfachangestellter, Steuerfachangestellte, Kanzleiorganisation, KOB, FAIT, IT, Systembetreuung, Fachinformatiker","Experienced, Permanent, Full or part time",,,,,,0,https://www.arbeitnow.com/jobs/companies/ba-tax-gmbh/steuerfachangestellter-oder-fachinformatiker-schwerpunkt-kanzleiorganisation-datev-hamburg-318113,2026-10-03T14:13:08Z,
arbeitnow_strategic-partner-account-manager-dach-paris-office-179257,Strategic Partner Account Manager DACH,Aircall,Paris Office,2026-10-02,11002 - Partnerships,Permanent Full Time Employee,,,,,,0,https://www.arbeitnow.fr/jobs/companies/aircall/strategic-partner-account-manager-dach-paris-office-179257,2026-10-03T14:13:08Z,
arbeitnow_supply-chain-tech-center-of-excellence-267215,Supply Chain Tech - Center of Excellence,Cognite,,2026-10-02,Center of Excellence,,,"SQL, Python, Snowflake",,,,1,https://www.arbeitnow.co.uk/jobs/companies/cognite/supply-chain-tech-center-of-excellence-267215,2026-10-03T14:13:08Z,
arbeitnow_teamleiter-it-infrastructure-karlsruhe-fautenbruchstrasse-154691,Teamleiter IT Infrastructure (m/w/d),IPG Automotive - Personio,Karlsruhe Fautenbruchstraße,2026-10-02,,"Experienced, Permanent, Full time",,,,,,0,https://www.arbeitnow.com/jobs/companies/ipg-automotive-personio/teamleiter-it-infrastructure-karlsruhe-fautenbruchstrasse-154691,2026-10-03T14:13:08Z,
arbeitnow_tech4instore-senior-software-engineer-instore-lille-btwin-village-nord-nantes-loire-atlantique-204750,Tech4instore Senior Software Engineer - INSTORE (f/m/d),Decathlontechnology,"Lille - Btwin Village, Nord; Nantes, Loire-Atlantique",2026-10-02,Engineering,,,,,,,0,https://www.arbeitnow.fr/jobs/companies/decathlontechnology/tech4instore-senior-software-engineer-instore-lille-btwin-village-nord-nantes-loire-atlantique-204750,2026-10-03T14:13:08Z,
arbeitnow_technical-artist-ai-portfolio-games-team-freelance-paris-186629,Technical Artist (AI) – Portfolio Games Team – Freelance,Voodoo,Paris,2026-10-02,Gaming,Full Time,,Python,,,,1,https://www.arbeitnow.fr/jobs/companies/voodoo/technical-artist-ai-portfolio-games-team-freelance-paris-186629,2026-10-03T14:13:08Z,
arbeitnow_technical-product-owner-mwd-berlin-486508,Technical Product Owner (m|w|d),idealo internet GmbH,"Berlin, Berlin, Deutschland",2026-10-02,Technology & Data,"Experienced, fulltime permanent",,,,,,0,https://www.arbeitnow.com/jobs/companies/idealo-internet-gmbh/technical-product-owner-mwd-berlin-486508,2026-10-03T14:13:08Z,
arbeitnow_technical-project-manager-france-paris-81747,Technical Project Manager - France,Tandem Health,Paris,2026-10-02,Product & Engineering,Full Time,,,,,,0,https://www.arbeitnow.fr/jobs/companies/tandem-health/technical-project-manager-france-paris-81747,2026-10-03T14:13:08Z,
arbeitnow_telecoms-qa-director-belgium-uk-netherlands-germany-italy-419950,Telecoms QA Director,netcracker,"Belgium, UK, Netherlands, Germany, Italy",2026-10-02,Quality Assurance,,,,,,,1,https://www.arbeitnow.ch/jobs/companies/netcracker/telecoms-qa-director-belgium-uk-netherlands-germany-italy-419950,2026-10-03T14:13:08Z,
arbeitnow_telecoms-qa-director-belgium-uk-netherlands-italy-switzerland-324862,Telecoms QA Director,netcracker,"Belgium, UK, Netherlands, Italy, Switzerland",2026-10-02,Quality Assurance,,,,,,,1,https://www.arbeitnow.com/jobs/companies/netcracker/telecoms-qa-director-belgium-uk-netherlands-italy-switzerland-324862,2026-10-03T14:13:08Z,
arbeitnow_tiktok-content-creator-video-editor-werkstudentenstelle-neckargemund-261700,"TikTok Content Creator & Video Editor (m/w/d), Werkstudentenstelle",FLOWZOOM,"Neckargemünd, Remote",2026-10-02,"Remote, Social Media Manager","Working student, hilfstätigkeit / student",,,,,,0,https://www.arbeitnow.com/jobs/companies/flowzoom/tiktok-content-creator-video-editor-werkstudentenstelle-neckargemund-261700,2026-10-03T14:13:08Z,
arbeitnow_vp-engineering-enterprise-paris-313557,VP Engineering Enterprise,Malt,Paris,2026-10-02,Software Engineers,FR Executive/Cadre,,,,,,0,https://www.arbeitnow.fr/jobs/companies/malt/vp-engineering-enterprise-paris-313557,2026-10-03T14:13:08Z,
arbeitnow_vp-quality-assurance-paris-315772,"VP, Quality Assurance",Allucent,"Paris, France",2026-10-02,Quality Assurance (QA),Executive,,,,,,0,https://www.arbeitnow.fr/jobs/companies/allucent/vp-quality-assurance-paris-315772,2026-10-03T14:13:08Z,
arbeitnow_werkstudent-brand-employer-branding-berlin-329746,Werkstudent (m/w/d) Brand & Employer Branding,Es Group,Berlin,2026-10-02,"Employer Branding, Marketing, Content Creation, Online Marketing, Brand Marketing, Marketing Analytics, Junior Marketing Assistant, Kampagnenmanagement, A/B-Testing, Social Media Management","Student, Working student, Part time",,,,,,1,https://www.arbeitnow.com/jobs/companies/es-group/werkstudent-brand-employer-branding-berlin-329746,2026-10-03T14:13:08Z,
arbeitnow_werkstudent-business-operations-automation-ai-berlin-171707,Werkstudent Business Operations – Automation & AI (m/w/d),Talentspring Academy,Berlin,2026-10-02,"business operations, ai, autmation, data analytics, reporting, dashboard, claude, python, sql, zapier, hubspot","Experienced, Intern, Part time",,"SQL, Python",,,,1,https://www.arbeitnow.com/jobs/companies/talentspring-academy/werkstudent-business-operations-automation-ai-berlin-171707,2026-10-03T14:13:08Z,
arbeitnow_werkstudent-growth-development-15-20-std-woche-meerbusch-103926,Werkstudent (m/w/d) - Growth & Development - 15-20 Std./ Woche,ImmIQ (eine Marke der flaiu GmbH),Meerbusch,2026-10-02,Software Development,"Working student, berufseinstieg",,,,,,0,https://www.arbeitnow.com/jobs/companies/immiq-eine-marke-der-flaiu-gmbh/werkstudent-growth-development-15-20-std-woche-meerbusch-103926,2026-10-03T14:13:08Z,
arbeitnow_werkstudent-im-projekt-und-accountmanagement-im-facility-management-berlin-150670,Werkstudent im Projekt- und Accountmanagement (m/w/d) im Facility Management,Es Group,Berlin,2026-10-02,"Werkstudent Projektmanagement, Werkstudent Account Management, Werkstudent Facility Management, Werkstudent Facility Services, Werkstudent kaufmännischer Bereich, Studentische Hilfskraft Facility Services","Student, Working student, Part time",,,,,,0,https://www.arbeitnow.com/jobs/companies/es-group/werkstudent-im-projekt-und-accountmanagement-im-facility-management-berlin-150670,2026-10-03T14:13:08Z,
arbeitnow_werkstudent-marketing-growth-berlin-317112,Werkstudent (m/w/d) Marketing & Growth,Es Group,Berlin,2026-10-02,"Marketing, Growth Marketing, Digital Marketing, Performance Marketing, Brand Marketing, Marketing & Communications, Junior Marketing Assistant, Community Management","Student, Intern, Part time",,,,,,0,https://www.arbeitnow.com/jobs/companies/es-group/werkstudent-marketing-growth-berlin-317112,2026-10-03T14:13:08Z,
arbeitnow_werkstudent-martech-data-analytics-berlin-149545,"Werkstudent (m/w/d) MarTech, Data & Analytics",Es Group,Berlin,2026-10-02,,"Student, Working student, Part time",,SQL,,,,1,https://www.arbeitnow.com/jobs/companies/es-group/werkstudent-martech-data-analytics-berlin-149545,2026-10-03T14:13:08Z,
arbeitnow_werkstudent-mensch-digital-media-dusseldorf-280289,Werkstudent (Mensch) Digital Media,wppmedia,Dusseldorf,2026-10-02,Media Management & Delivery,,,Excel,,,,1,https://www.arbeitnow.com/jobs/companies/wppmedia/werkstudent-mensch-digital-media-dusseldorf-280289,2026-10-03T14:13:08Z,
arbeitnow_werkstudent-personal-und-organisationsentwicklung-vertrieb-munchen-100858,Werkstudent (m/w/d) Personal- und Organisationsentwicklung Vertrieb,die Bayerische,"München, Bayern, Deutschland",2026-10-02,Versicherungsbetrieb und Service,"Student college, parttime fixed term",,,,,,0,https://www.arbeitnow.com/jobs/companies/die-bayerische/werkstudent-personal-und-organisationsentwicklung-vertrieb-munchen-100858,2026-10-03T14:13:08Z,
arbeitnow_werkstudent-planung-hochbau-all-genders-frankfurt-71719,Werkstudent Planung Hochbau (all genders),Apoprojekt,Frankfurt,2026-10-02,Hochbau,"Student, Intern, Part time",,,,,,0,https://www.arbeitnow.com/jobs/companies/apoprojekt/werkstudent-planung-hochbau-all-genders-frankfurt-71719,2026-10-03T14:13:08Z,
arbeitnow_werkstudent-projektmanagement-all-genders-frankfurt-415390,Werkstudent Projektmanagement (all genders),Apoprojekt,Frankfurt,2026-10-02,Hochbau,"Student, Intern, Part time",,,,,,0,https://www.arbeitnow.com/jobs/companies/apoprojekt/werkstudent-projektmanagement-all-genders-frankfurt-415390,2026-10-03T14:13:08Z,
arbeitnow_werkstudentin-business-development-all-genders-hybrid-berlin-330008,"Werkstudent*in Business Development (all genders) - Hybrid, Berlin",Dida,Berlin,2026-10-02,Berlin | Teilzeit | Werkstudent | Start ab sofort,"Entry, Working student, Part time",,,,,,1,https://www.arbeitnow.com/jobs/companies/dida/werkstudentin-business-development-all-genders-hybrid-berlin-330008,2026-10-03T14:13:08Z,
arbeitnow_werkstudentin-datenmanagement-ki-heidelberg-498955,Werkstudent:in Datenmanagement & KI,GFN GmbH,"Heidelberg, Remote",2026-10-02,"Remote, IT",Working student,,,,,,0,https://www.arbeitnow.com/jobs/companies/gfn-gmbh/werkstudentin-datenmanagement-ki-heidelberg-498955,2026-10-03T14:13:08Z,
arbeitnow_werkstudentin-partnership-sales-im-betrieblichen-gesundheitsmanagement-hamburg-134066,Werkstudent:in Partnership Sales im Betrieblichen Gesundheitsmanagement [w/m/d],Acture Germany,Hamburg,2026-10-02,"B2B, Vertrieb, Sales, Account Management, Partnership Sales, Kundenbetreuung, Bestandskundenmanagement, Neukundenakquise, Business Development, Krankenkassen, Acture, Acture Germany","Entry, Working student, Part time",,,,,,0,https://www.arbeitnow.com/jobs/companies/acture-germany/werkstudentin-partnership-sales-im-betrieblichen-gesundheitsmanagement-hamburg-134066,2026-10-03T14:13:08Z,
arbeitnow_working-student-customer-success-alternatively-mandatory-internship-munich-hq-108306,Working student customer success (alternatively mandatory internship),Userlane,Munich HQ,2026-10-02,"customer success, working student job, mandatory internship","Entry, Intern, Part time",,,,,,0,https://www.arbeitnow.com/jobs/companies/userlane/working-student-customer-success-alternatively-mandatory-internship-munich-hq-108306,2026-10-03T14:13:08Z,
arbeitnow_working-student-office-management-operations-all-genders-munich-324591,Working Student Office Management & Operations (all genders),Revel8,Munich,2026-10-02,"Office Management, Working student, Werkstudent, Munich","Student, Working student, Part time",,,,,,0,https://www.arbeitnow.com/jobs/companies/revel8/working-student-office-management-operations-all-genders-munich-324591,2026-10-03T14:13:08Z,
jobicy_154388,Business Development Manager (Belgium),Ajax Systems,Belgium,2026-10-02,Business Development,Full-Time,Director,,,,,1,https://jobicy.com/jobs/154388-business-development-manager-belgium,2026-10-03T14:13:07Z,
jobicy_154390,Technical Support Engineer,QuickNode,"Portugal,  USA",2026-10-02,Technical Support,Full-Time,Any,Python,69500.0,87500.0,USD,1,https://jobicy.com/jobs/154390-technical-support-engineer,2026-10-03T14:13:07Z,78500.0
jobicy_154392,"Senior Software Engineer - Go & Rust, Blockchain Infrastructure",QuickNode,"Portugal,  USA",2026-10-02,Software Engineering,Full-Time,Senior,,171000.0,214000.0,USD,0,https://jobicy.com/jobs/154392-senior-software-engineer-go-rust-blockchain-infrastructure,2026-10-03T14:13:07Z,192500.0
jobicy_154393,Business Development Manager (Slovakia),Ajax Systems,Slovakia,2026-10-02,Business Development,Full-Time,Director,,,,,1,https://jobicy.com/jobs/154393-business-development-manager-slovakia,2026-10-03T14:13:07Z,
jobicy_154394,"Sr. Software Engineer, Cloud Platform",Samsara,UK,2026-10-02,DevOps & Infrastructure,Full-Time,Senior,Python,,,,1,https://jobicy.com/jobs/154394-sr-software-engineer-cloud-platform,2026-10-03T14:13:07Z,
jobicy_154397,"AI Science Writer, Nebius Academy (Contract)",Nebius,Europe,2026-10-02,Content & Editorial,Contract,Any,,,,,1,https://jobicy.com/jobs/154397-ai-science-writer-nebius-academy-contract,2026-10-03T14:13:07Z,
jobicy_154398,Sales Finance,Elevenlabs,"Ireland,  Poland,  UK,  USA",2026-10-02,Finance & Accounting,Full-Time,Senior,SQL,,,,1,https://jobicy.com/jobs/154398-sales-finance,2026-10-03T14:13:07Z,
jobicy_154400,Director of Web Platform & Engineering,Cision,UK,2026-10-02,Software Engineering,Full-Time,Director,"SQL, Excel",,,,1,https://jobicy.com/jobs/154400-director-of-web-platform-engineering,2026-10-03T14:13:07Z,
jobicy_154401,Automation Engineer (Customer Service),Nebius,Europe,2026-10-02,Software Engineering,Full-Time,Any,Python,,,,1,https://jobicy.com/jobs/154401-automation-engineer-customer-service,2026-10-03T14:13:07Z,
jobicy_154404,Global Analytics Manager (Remote in Barcelona/Madrid),Docplanner,Spain,2026-10-02,Data Science & Analytics,Full-Time,Director,"SQL, Python, Tableau",,,,1,https://jobicy.com/jobs/154404-global-analytics-manager-remote-in-barcelona-madrid,2026-10-03T14:13:07Z,
jobicy_154405,Insights Consultant - MATERNITY COVER - FRENCH speaking,Cision,UK,2026-10-02,Customer Support & Success,Contract,Senior,Excel,,,,1,https://jobicy.com/jobs/154405-insights-consultant-maternity-cover-french-speaking,2026-10-03T14:13:07Z,
jobicy_154406,Customer Engineer EMEA,Nebius,Europe,2026-10-02,Technical Support,Full-Time,Any,Python,,,,1,https://jobicy.com/jobs/154406-customer-engineer-emea,2026-10-03T14:13:07Z,
jobicy_154408,Senior Product Manager (Full Remote - Europe),EverAI,Europe,2026-10-02,Product & Operations,Full-Time,Director,Excel,75000.0,125000.0,EUR,1,https://jobicy.com/jobs/154408-senior-product-manager-full-remote-europe,2026-10-03T14:13:07Z,100000.0
jobicy_154409,AI Automation Engineer,Airtm,LATAM,2026-10-02,Software Engineering,Full-Time,Any,SQL,,,,1,https://jobicy.com/jobs/154409-ai-automation-engineer-2,2026-10-03T14:13:07Z,
jobicy_154410,Freelance Paid Search Strategist Japanese - English (Japan),Brafton,Japan,2026-10-02,Marketing & Sales,Contract,Any,,,,,0,https://jobicy.com/jobs/154410-freelance-paid-search-strategist-japanese-english-japan,2026-10-03T14:13:07Z,
jobicy_154411,Enterprise Sales Engineer,WorkWave,USA,2026-10-02,Sales,Full-Time,Director,Snowflake,120000.0,200000.0,USD,1,https://jobicy.com/jobs/154411-enterprise-sales-engineer-3,2026-10-03T14:13:07Z,160000.0
jobicy_154412,"Senior Manager, Account-Based Marketing (ABM)",Archive,USA,2026-10-02,Marketing & Sales,Full-Time,Director,,115000.0,145000.0,USD,0,https://jobicy.com/jobs/154412-senior-manager-account-based-marketing-abm,2026-10-03T14:13:07Z,130000.0
jobicy_154413,AI Data Scientist,Airtm,LATAM,2026-10-02,Data Science & Analytics,Full-Time,Any,"SQL, Python, Tableau, dbt",,,,1,https://jobicy.com/jobs/154413-ai-data-scientist,2026-10-03T14:13:07Z,
jobicy_154414,Freelance Paid Search Strategist Japanese - English (North America),Brafton,"Canada,  USA",2026-10-02,Marketing & Sales,Contract,Any,,,,,0,https://jobicy.com/jobs/154414-freelance-paid-search-strategist-japanese-english-north-america,2026-10-03T14:13:07Z,
jobicy_154415,Marketing Operations Manager,WorkWave,USA,2026-10-02,Marketing & Sales,Full-Time,Senior,,110000.0,120000.0,USD,1,https://jobicy.com/jobs/154415-marketing-operations-manager-2,2026-10-03T14:13:07Z,115000.0
jobicy_154417,Associate Solutions Architect,impact.com,USA,2026-10-02,Sales,Full-Time,Senior,,100000.0,125000.0,USD,0,https://jobicy.com/jobs/154417-associate-solutions-architect,2026-10-03T14:13:07Z,112500.0
jobicy_154418,IT Service Design Lead (12 Month Contract),Who Gives A Crap,Philippines,2026-10-02,Project & Program Management,Contract,Senior,Excel,,,,1,https://jobicy.com/jobs/154418-it-service-design-lead-12-month-contract,2026-10-03T14:13:07Z,
jobicy_154419,"Account Executive, Digital Native",Nebius,USA,2026-10-02,Sales,Full-Time,Director,,158800.0,193400.0,USD,0,https://jobicy.com/jobs/154419-account-executive-digital-native,2026-10-03T14:13:07Z,176100.0
jobicy_154420,Motion Designer / Video Editor — Apprenticeship (1 or 2 years),Dataiku,France,2026-10-02,Creative & Design,Internship,Senior,,,,,1,https://jobicy.com/jobs/154420-motion-designer-video-editor-apprenticeship-1-or-2-years,2026-10-03T14:13:07Z,
jobicy_154421,Senior Data Scientist,Peerspace,USA,2026-10-02,Data Science & Analytics,Full-Time,Senior,"SQL, Python, Tableau, dbt",165000.0,175000.0,USD,1,https://jobicy.com/jobs/154421-senior-data-scientist-6,2026-10-03T14:13:07Z,170000.0
jobicy_154422,RVP of Sales,impact.com,USA,2026-10-02,Sales,Full-Time,Senior,,360000.0,400000.0,USD,1,https://jobicy.com/jobs/154422-rvp-of-sales,2026-10-03T14:13:07Z,380000.0
jobicy_154423,Cloud Workplace Engineer,Nebius,USA,2026-10-02,Cybersecurity,Full-Time,Any,,,,,1,https://jobicy.com/jobs/154423-cloud-workplace-engineer,2026-10-03T14:13:07Z,
jobicy_154424,Senior Data Scientist (German-speaking),Dataiku,Germany,2026-10-02,Data Science & Analytics,Full-Time,Senior,"SQL, Python",,,,1,https://jobicy.com/jobs/154424-senior-data-scientist-german-speaking,2026-10-03T14:13:07Z,
jobicy_154425,"Sr. Director, Revenue Operations Planning and Execution",impact.com,USA,2026-10-02,Product & Operations,Full-Time,Director,,220000.0,240000.0,USD,1,https://jobicy.com/jobs/154425-sr-director-revenue-operations-planning-and-execution,2026-10-03T14:13:07Z,230000.0
jobicy_154426,Data Center Design Lead,Nebius,USA,2026-10-02,DevOps & Infrastructure,Full-Time,Senior,,90000.0,220000.0,USD,0,https://jobicy.com/jobs/154426-data-center-design-lead,2026-10-03T14:13:07Z,155000.0
jobicy_154427,Contact Center/CX Quality Assurance Lead (Houston),Clover Health,USA,2026-10-02,Product & Operations,Full-Time,Director,,,,,1,https://jobicy.com/jobs/154427-contact-center-cx-quality-assurance-lead-houston,2026-10-03T14:13:07Z,
jobicy_154428,"Senior Developer, Growth",1Password,"Canada,  USA",2026-10-02,Software Engineering,Full-Time,Senior,Python,153000.0,214000.0,USD,1,https://jobicy.com/jobs/154428-senior-developer-growth,2026-10-03T14:13:07Z,183500.0
jobicy_154429,"Staff Product Manager, Physical AI",Homebound,USA,2026-10-02,Product & Operations,Full-Time,Director,,170000.0,200000.0,USD,1,https://jobicy.com/jobs/154429-staff-product-manager-physical-ai,2026-10-03T14:13:07Z,185000.0
jobicy_154430,Solutions Consultant,Nextiva,USA,2026-10-02,Sales,Full-Time,Director,Python,115000.0,190000.0,USD,1,https://jobicy.com/jobs/154430-solutions-consultant,2026-10-03T14:13:07Z,152500.0
jobicy_154431,"Director, AI-Enabled Fraud Prevention & Investigations",Clover Health,USA,2026-10-02,Legal & Compliance,Full-Time,Director,"SQL, Python",150000.0,240000.0,USD,1,https://jobicy.com/jobs/154431-director-ai-enabled-fraud-prevention-investigations,2026-10-03T14:13:07Z,195000.0
jobicy_154432,"Senior Developer (Windows), Product Security",1Password,"Canada,  USA",2026-10-02,Cybersecurity,Full-Time,Senior,,153000.0,214000.0,USD,1,https://jobicy.com/jobs/154432-senior-developer-windows-product-security,2026-10-03T14:13:07Z,183500.0
jobicy_154433,"Director of Engineering, Data Products",Clover Health,USA,2026-10-02,Software Engineering,Full-Time,Director,,223100.0,290000.0,USD,0,https://jobicy.com/jobs/154433-director-of-engineering-data-products,2026-10-03T14:13:07Z,256550.0
jobicy_154434,Senior Channel Account Manager,1Password,USA,2026-10-02,Sales,Full-Time,Director,,144000.0,209000.0,USD,1,https://jobicy.com/jobs/154434-senior-channel-account-manager-2,2026-10-03T14:13:07Z,176500.0
jobicy_154435,"Enterprise Sales Director - Majors, Healthcare",Sierra,USA,2026-10-02,Sales,Full-Time,Director,,315000.0,355000.0,USD,0,https://jobicy.com/jobs/154435-enterprise-sales-director-majors-healthcare,2026-10-03T14:13:07Z,335000.0
jobicy_154436,"General Manager, Pharmacy",Clover Health,USA,2026-10-02,Healthcare & Medical,Full-Time,Senior,,317000.0,375000.0,USD,1,https://jobicy.com/jobs/154436-general-manager-pharmacy,2026-10-03T14:13:07Z,346000.0
remoteok_1137460,Junior Crypto Analyst & Trader,Empire Assets,Remote,2026-10-02,"crypto, finance, trader, remote, part time, full time, web3, bitcoin, ethereum, blockchain, defi, work from home, Anywhere, junior, analyst, exec, ops",,,,60000.0,80000.0,USD,1,https://remoteOK.com/remote-jobs/remote-junior-crypto-analyst-trader-empire-assets-1137460,2026-10-03T14:13:08Z,70000.0
arbeitnow_account-executive-zurich-476957,Account Executive,TransPerfect,"Zurich, Zürich, Switzerland",2026-10-01,Sales,"Entry, fulltime permanent",,,,,,0,https://www.arbeitnow.ch/jobs/companies/transperfect/account-executive-zurich-476957,2026-10-03T14:13:08Z,
arbeitnow_account-manager-paris-131178,Account Manager - Paris,Deliveroo,Paris,2026-10-01,Regional Growth France,,,,,,,0,https://www.arbeitnow.fr/jobs/companies/deliveroo/account-manager-paris-131178,2026-10-03T14:13:08Z,
arbeitnow_assistante-chef-de-projet-marketing-fidelisation-deliveroo-plus-alternance-12-mois-paris-310773,Assistant·e Chef de Projet Marketing Fidélisation (Deliveroo Plus) - Alternance 12 mois,Deliveroo,Paris,2026-10-01,Marketing National Activations & CRM France,,,,,,,0,https://www.arbeitnow.fr/jobs/companies/deliveroo/assistante-chef-de-projet-marketing-fidelisation-deliveroo-plus-alternance-12-mois-paris-310773,2026-10-03T14:13:08Z,
arbeitnow_business-development-representative-marche-francais-lyon-4955,Business Development Representative - Marché Français,Amenitiz,Lyon,2026-10-01,Sales,Full Time,,,,,,0,https://www.arbeitnow.fr/jobs/companies/amenitiz/business-development-representative-marche-francais-lyon-4955,2026-10-03T14:13:08Z,
arbeitnow_chef-dequipe-logistique-h-f-fretin-nord-352228,Chef d'équipe logistique (H/F),Teampicnic,"Fretin, Nord",2026-10-01,Operations,,,,,,,0,https://www.arbeitnow.fr/jobs/companies/teampicnic/chef-dequipe-logistique-h-f-fretin-nord-352228,2026-10-03T14:13:08Z,
arbeitnow_data-ml-ops-lead-zurich-335947,Data & ML Ops Lead,Gravis Robotics,Zurich,2026-10-01,Platform,Full time,,,,,,0,https://www.arbeitnow.ch/jobs/companies/gravis-robotics/data-ml-ops-lead-zurich-335947,2026-10-03T14:13:08Z,
arbeitnow_directeur-practice-consulting-data-transformation-9th-arrondissement-of-paris-75009-paris-32394,Directeur Practice Consulting & Data Transformation,Artefactlinkedin,"9th arrondissement of Paris, 75009, Paris",2026-10-01,Data Consulting,,,,,,,0,https://www.arbeitnow.fr/jobs/companies/artefactlinkedin/directeur-practice-consulting-data-transformation-9th-arrondissement-of-paris-75009-paris-32394,2026-10-03T14:13:08Z,
arbeitnow_director-business-development-zurich-482132,"Director, Business Development",TransPerfect,"Zurich, Zürich, Switzerland",2026-10-01,Sales,"Entry, fulltime permanent",,,,,,0,https://www.arbeitnow.ch/jobs/companies/transperfect/director-business-development-zurich-482132,2026-10-03T14:13:08Z,
arbeitnow_electronics-engineer-zurich-327962,Electronics Engineer,Auterion,Zurich,2026-10-01,Engineering,,,,,,,0,https://www.arbeitnow.ch/jobs/companies/auterion/electronics-engineer-zurich-327962,2026-10-03T14:13:08Z,
arbeitnow_electronics-engineering-intern-zurich-471494,Electronics Engineering Intern,Auterion,Zurich,2026-10-01,Internships,,,Python,,,,1,https://www.arbeitnow.ch/jobs/companies/auterion/electronics-engineering-intern-zurich-471494,2026-10-03T14:13:08Z,
arbeitnow_embedded-electrical-engineer-som-lausanne-470046,Embedded Electrical Engineer - SoM,Harmattan Ai,Lausanne,2026-10-01,R&D,Full Time,,,,,,0,https://www.arbeitnow.ch/jobs/companies/harmattan-ai/embedded-electrical-engineer-som-lausanne-470046,2026-10-03T14:13:08Z,
arbeitnow_embedded-electrical-engineer-som-zurich-371833,Embedded Electrical Engineer - SoM,Harmattan Ai,Zurich,2026-10-01,R&D,Full Time,,,,,,0,https://www.arbeitnow.ch/jobs/companies/harmattan-ai/embedded-electrical-engineer-som-zurich-371833,2026-10-03T14:13:08Z,
arbeitnow_freelance-assistante-communication-evenementiel-hackathons-adopt-ai-9th-arrondissement-of-paris-75009-paris-360299,Freelance – Assistant(e) Communication & Événementiel (Hackathons Adopt AI),Artefact,"9th arrondissement of Paris, 75009, Paris",2026-10-01,Artefact Open Innovation,,,,,,,0,https://www.arbeitnow.fr/jobs/companies/artefact/freelance-assistante-communication-evenementiel-hackathons-adopt-ai-9th-arrondissement-of-paris-75009-paris-360299,2026-10-03T14:13:08Z,
arbeitnow_gestionnaire-de-paie-confirme-h-f-paris-paris-304044,Gestionnaire de paie confirmé (H/F),Teampicnic,"Paris, Paris",2026-10-01,People,,,Excel,,,,1,https://www.arbeitnow.fr/jobs/companies/teampicnic/gestionnaire-de-paie-confirme-h-f-paris-paris-304044,2026-10-03T14:13:08Z,
arbeitnow_head-of-global-accounts-france-paris-305470,Head of Global Accounts - France,Deliveroo,Paris,2026-10-01,Key Accounts France,,,,,,,0,https://www.arbeitnow.fr/jobs/companies/deliveroo/head-of-global-accounts-france-paris-305470,2026-10-03T14:13:08Z,
arbeitnow_linguist-malagasy-ui-technical-marketing-remote-353908,Linguist - Malagasy - UI Technical / Marketing - Remote,LILT (Production),"Remote, Remote",2026-10-01,LiltLancer Community,Contract,,Excel,,,,1,https://www.arbeitnow.ch/jobs/companies/lilt-production/linguist-malagasy-ui-technical-marketing-remote-353908,2026-10-03T14:13:08Z,
arbeitnow_linguist-mongolian-ui-technical-marketing-remote-165068,Linguist - Mongolian - UI Technical / Marketing - Remote,LILT (Production),"Remote, Remote",2026-10-01,LiltLancer Community,Contract,,Excel,,,,1,https://www.arbeitnow.ch/jobs/companies/lilt-production/linguist-mongolian-ui-technical-marketing-remote-165068,2026-10-03T14:13:08Z,
arbeitnow_linguist-oromo-ui-technical-marketing-remote-228585,Linguist - Oromo - UI Technical / Marketing - Remote,LILT (Production),"Remote, Remote",2026-10-01,LiltLancer Community,Contract,,Excel,,,,1,https://www.arbeitnow.ch/jobs/companies/lilt-production/linguist-oromo-ui-technical-marketing-remote-228585,2026-10-03T14:13:08Z,
arbeitnow_linguist-shona-ui-technical-marketing-remote-109403,Linguist - Shona - UI Technical / Marketing - Remote,LILT (Production),"Remote, Remote",2026-10-01,LiltLancer Community,Contract,,Excel,,,,1,https://www.arbeitnow.ch/jobs/companies/lilt-production/linguist-shona-ui-technical-marketing-remote-109403,2026-10-03T14:13:08Z,
arbeitnow_linguist-wolof-ui-technical-marketing-remote-364477,Linguist - Wolof - UI Technical / Marketing - Remote,LILT (Production),"Remote, Remote",2026-10-01,LiltLancer Community,Contract,,Excel,,,,1,https://www.arbeitnow.ch/jobs/companies/lilt-production/linguist-wolof-ui-technical-marketing-remote-364477,2026-10-03T14:13:08Z,
arbeitnow_operations-associate-full-time-seasonal-fixed-term-saint-tropez-saint-tropez-var-20056,Operations Associate - Full Time (Seasonal Fixed Term) - Saint-Tropez,Aloyoga,"Saint-Tropez, Var",2026-10-01,Stores,,,Excel,,,,1,https://www.arbeitnow.fr/jobs/companies/aloyoga/operations-associate-full-time-seasonal-fixed-term-saint-tropez-saint-tropez-var-20056,2026-10-03T14:13:08Z,
arbeitnow_operations-lead-seasonal-fixed-term-saint-tropez-saint-tropez-var-90141,Operations Lead (Seasonal Fixed-Term) - Saint-Tropez,Aloyoga,"Saint-Tropez, Var",2026-10-01,Stores,,,Excel,,,,1,https://www.arbeitnow.fr/jobs/companies/aloyoga/operations-lead-seasonal-fixed-term-saint-tropez-saint-tropez-var-90141,2026-10-03T14:13:08Z,
arbeitnow_partner-marketing-senior-manager-435999,Partner Marketing Senior Manager,gympass,,2026-10-01,Marketing,,,,,,,1,https://www.arbeitnow.fr/jobs/companies/gympass/partner-marketing-senior-manager-435999,2026-10-03T14:13:08Z,
arbeitnow_partner-marketing-senior-manager-paris-162126,Partner Marketing Senior Manager,Wellhub,"Paris, France",2026-10-01,,,,,,,,1,https://www.arbeitnow.fr/jobs/companies/wellhub/partner-marketing-senior-manager-paris-162126,2026-10-03T14:13:08Z,
arbeitnow_product-marketing-manager-in-legal-tech-zurich-64754,Product Marketing Manager in Legal Tech (Zurich),Legartis,Zurich,2026-10-01,"Product Marketing Manager, Legal Tech, Zurich, AI, Artificial Intelligence","Experienced, Permanent, Full time",,,,,,0,https://www.arbeitnow.ch/jobs/companies/legartis/product-marketing-manager-in-legal-tech-zurich-64754,2026-10-03T14:13:08Z,
arbeitnow_production-engineer-zurich-58771,Production Engineer,Auterion,Zurich,2026-10-01,Engineering,,,Python,,,,1,https://www.arbeitnow.ch/jobs/companies/auterion/production-engineer-zurich-58771,2026-10-03T14:13:08Z,
arbeitnow_remote-senior-product-designer-design-systems-213115,"Senior Product Designer, Design Systems",Duck Duck Go,Remote,2026-10-01,Design,Full Time,,,,,,0,https://www.arbeitnow.fr/jobs/companies/duck-duck-go/remote-senior-product-designer-design-systems-213115,2026-10-03T14:13:08Z,
arbeitnow_sales-associate-full-time-seasonal-fixed-term-saint-tropez-saint-tropez-var-46325,Sales Associate - Full Time (Seasonal Fixed-Term) - Saint-Tropez,Aloyoga,"Saint-Tropez, Var",2026-10-01,Stores,,,Excel,,,,1,https://www.arbeitnow.fr/jobs/companies/aloyoga/sales-associate-full-time-seasonal-fixed-term-saint-tropez-saint-tropez-var-46325,2026-10-03T14:13:08Z,
arbeitnow_sales-service-lead-seasonal-fixed-term-saint-tropez-saint-tropez-var-70722,Sales & Service Lead (Seasonal Fixed-Term) - Saint-Tropez,Aloyoga,"Saint-Tropez, Var",2026-10-01,Stores,,,Excel,,,,1,https://www.arbeitnow.fr/jobs/companies/aloyoga/sales-service-lead-seasonal-fixed-term-saint-tropez-saint-tropez-var-70722,2026-10-03T14:13:08Z,
arbeitnow_sales-team-lead-groceries-retail-france-paris-291799,Sales Team Lead - Groceries & Retail - France,Deliveroo,Paris,2026-10-01,Sales France,,,,,,,0,https://www.arbeitnow.fr/jobs/companies/deliveroo/sales-team-lead-groceries-retail-france-paris-291799,2026-10-03T14:13:08Z,
arbeitnow_senior-electrical-engineer-lausanne-338812,Senior Electrical Engineer,Harmattan Ai,Lausanne,2026-10-01,R&D,Full Time,,,,,,0,https://www.arbeitnow.ch/jobs/companies/harmattan-ai/senior-electrical-engineer-lausanne-338812,2026-10-03T14:13:08Z,
arbeitnow_senior-embedded-linux-engineer-zurich-104312,Senior Embedded Linux Engineer,Gravis Robotics,Zurich,2026-10-01,Platform,Full time,,,,,,0,https://www.arbeitnow.ch/jobs/companies/gravis-robotics/senior-embedded-linux-engineer-zurich-104312,2026-10-03T14:13:08Z,
arbeitnow_senior-machine-learning-engineer-sim2real-machine-modeling-zurich-159318,Senior Machine Learning Engineer - Sim2Real & Machine Modeling,Gravis Robotics,Zurich,2026-10-01,Autonomy,Full time,,Python,,,,1,https://www.arbeitnow.ch/jobs/companies/gravis-robotics/senior-machine-learning-engineer-sim2real-machine-modeling-zurich-159318,2026-10-03T14:13:08Z,
arbeitnow_senior-power-electronics-engineer-lausanne-93112,Senior Power Electronics Engineer,Harmattan Ai,Lausanne,2026-10-01,R&D,Full Time,,,,,,0,https://www.arbeitnow.ch/jobs/companies/harmattan-ai/senior-power-electronics-engineer-lausanne-93112,2026-10-03T14:13:08Z,
arbeitnow_senior-reinforcement-learning-engineer-zurich-475036,Senior Reinforcement Learning Engineer,Gravis Robotics,Zurich,2026-10-01,Autonomy,Full time,,Python,,,,1,https://www.arbeitnow.ch/jobs/companies/gravis-robotics/senior-reinforcement-learning-engineer-zurich-475036,2026-10-03T14:13:08Z,
arbeitnow_senior-robotics-software-engineer-autonomy-architecture-zurich-257021,Senior Robotics Software Engineer - Autonomy Architecture,Gravis Robotics,Zurich,2026-10-01,Autonomy,Full time,,Python,,,,1,https://www.arbeitnow.ch/jobs/companies/gravis-robotics/senior-robotics-software-engineer-autonomy-architecture-zurich-257021,2026-10-03T14:13:08Z,
arbeitnow_senior-sales-manager-schweiz-mwd-marktexpansion-saas-full-service-losung-basel-412328,(Senior) Sales Manager Schweiz (m|w|d) | Marktexpansion SaaS Full Service Lösung,ANGEHEUERT GmbH,"Basel, Basel-Stadt, Schweiz",2026-10-01,,"Mid, fulltime permanent",,,,,,0,https://www.arbeitnow.ch/jobs/companies/angeheuert-gmbh/senior-sales-manager-schweiz-mwd-marktexpansion-saas-full-service-losung-basel-412328,2026-10-03T14:13:08Z,
arbeitnow_senior-sales-manager-schweiz-mwd-marktexpansion-saas-full-service-losung-bern-378492,(Senior) Sales Manager Schweiz (m|w|d) | Marktexpansion SaaS Full Service Lösung,ANGEHEUERT GmbH,"Bern, Bern, Schweiz",2026-10-01,,"Mid, fulltime permanent",,,,,,0,https://www.arbeitnow.ch/jobs/companies/angeheuert-gmbh/senior-sales-manager-schweiz-mwd-marktexpansion-saas-full-service-losung-bern-378492,2026-10-03T14:13:08Z,
arbeitnow_senior-sales-manager-schweiz-mwd-marktexpansion-saas-full-service-losung-genf-416515,(Senior) Sales Manager Schweiz (m|w|d) | Marktexpansion SaaS Full Service Lösung,ANGEHEUERT GmbH,"Genf, Genf, Schweiz",2026-10-01,,"Mid, fulltime permanent",,,,,,0,https://www.arbeitnow.ch/jobs/companies/angeheuert-gmbh/senior-sales-manager-schweiz-mwd-marktexpansion-saas-full-service-losung-genf-416515,2026-10-03T14:13:08Z,
arbeitnow_senior-sales-manager-schweiz-mwd-marktexpansion-saas-full-service-losung-lausanne-223738,(Senior) Sales Manager Schweiz (m|w|d) | Marktexpansion SaaS Full Service Lösung,ANGEHEUERT GmbH,"Lausanne, Waadt, Schweiz",2026-10-01,,"Mid, fulltime permanent",,,,,,0,https://www.arbeitnow.ch/jobs/companies/angeheuert-gmbh/senior-sales-manager-schweiz-mwd-marktexpansion-saas-full-service-losung-lausanne-223738,2026-10-03T14:13:08Z,
arbeitnow_senior-sales-manager-schweiz-mwd-marktexpansion-saas-full-service-losung-zurich-freienbach-185682,(Senior) Sales Manager Schweiz (m|w|d) | Marktexpansion SaaS Full Service Lösung,ANGEHEUERT GmbH,"Zürich, Freienbach, Zürich, Schweiz",2026-10-01,,"Mid, fulltime permanent",,,,,,0,https://www.arbeitnow.ch/jobs/companies/angeheuert-gmbh/senior-sales-manager-schweiz-mwd-marktexpansion-saas-full-service-losung-zurich-freienbach-185682,2026-10-03T14:13:08Z,
arbeitnow_senior-sales-operations-manager-emea-paris-102799,"Senior Sales Operations Manager, EMEA",Pigment,Paris,2026-10-01,Operations,Full Time,,,,,,0,https://www.arbeitnow.fr/jobs/companies/pigment/senior-sales-operations-manager-emea-paris-102799,2026-10-03T14:13:08Z,
arbeitnow_senior-software-engineer-chaos-engineering-paris-289500,"Senior Software Engineer, Chaos Engineering",Datadog,Paris,2026-10-01,Security,,,,,,,0,https://www.arbeitnow.fr/jobs/companies/datadog/senior-software-engineer-chaos-engineering-paris-289500,2026-10-03T14:13:08Z,
arbeitnow_senior-supplier-quality-development-specialist-hinwil-switzerland-53270,Senior Supplier Quality Development Specialist,Audif1,Hinwil Switzerland,2026-10-01,"supplier quality, supplier development, procurement, f1, supply chain, quality","Experienced, Permanent, Full time",,Power BI,,,,1,https://www.arbeitnow.ch/jobs/companies/audif1/senior-supplier-quality-development-specialist-hinwil-switzerland-53270,2026-10-03T14:13:08Z,
arbeitnow_senior-talent-acquisition-specialist-12-months-fixed-term-hinwil-switzerland-307960,Senior Talent Acquisition Specialist - 12 months Fixed-term,Audif1,Hinwil Switzerland,2026-10-01,,"Experienced, Temporary, Full time",,Excel,,,,1,https://www.arbeitnow.ch/jobs/companies/audif1/senior-talent-acquisition-specialist-12-months-fixed-term-hinwil-switzerland-307960,2026-10-03T14:13:08Z,
arbeitnow_smb-success-junior-account-executive-233487,SMB Success Junior Account Executive,gympass,,2026-10-01,New Markets,,,,,,,0,https://www.arbeitnow.fr/jobs/companies/gympass/smb-success-junior-account-executive-233487,2026-10-03T14:13:08Z,
arbeitnow_smb-success-junior-account-executive-paris-233599,SMB Success Junior Account Executive,Wellhub,"Paris, Paris, France",2026-10-01,,,,,,,,0,https://www.arbeitnow.fr/jobs/companies/wellhub/smb-success-junior-account-executive-paris-233599,2026-10-03T14:13:08Z,
arbeitnow_technical-marketing-engineer-lausanne-118628,Technical Marketing Engineer,Neuralconcept,Lausanne,2026-10-01,"Marketing, Communications and Branding",Full Time,,Python,,,,1,https://www.arbeitnow.ch/jobs/companies/neuralconcept/technical-marketing-engineer-lausanne-118628,2026-10-03T14:13:08Z,
arbeitnow_visual-lead-seasonal-fixed-term-saint-tropez-saint-tropez-var-467682,Visual Lead (Seasonal Fixed-Term) - Saint-Tropez,Aloyoga,"Saint-Tropez, Var",2026-10-01,Stores,,,Excel,,,,1,https://www.arbeitnow.fr/jobs/companies/aloyoga/visual-lead-seasonal-fixed-term-saint-tropez-saint-tropez-var-467682,2026-10-03T14:13:08Z,
arbeitnow_account-executive-life-science-pharma-50531,Account Executive (Life Science/Pharma),Cognite,,2026-09-30,Global Revenue,,,,,,,1,https://www.arbeitnow.ch/jobs/companies/cognite/account-executive-life-science-pharma-50531,2026-10-03T14:13:08Z,
arbeitnow_account-executive-process-manufacturing-cpg-food-and-beverages-486264,Account Executive (Process Manufacturing - CPG food and beverages),Cognite,,2026-09-30,Global Revenue,,,,,,,1,https://www.arbeitnow.ch/jobs/companies/cognite/account-executive-process-manufacturing-cpg-food-and-beverages-486264,2026-10-03T14:13:08Z,
arbeitnow_account-manager-email-marketing-switzerland-53262,Account Manager (Email Marketing),Jobgether,Switzerland,2026-09-30,Account Executive,Contract,,,,,,1,https://www.arbeitnow.ch/jobs/companies/jobgether/account-manager-email-marketing-switzerland-53262,2026-10-03T14:13:08Z,
arbeitnow_ai-research-engineer-kernel-inference-optimization-switzerland-456279,AI Research Engineer (Kernel & Inference Optimization),Jobgether,Switzerland,2026-09-30,IT,Full-time,,,,,,1,https://www.arbeitnow.ch/jobs/companies/jobgether/ai-research-engineer-kernel-inference-optimization-switzerland-456279,2026-10-03T14:13:08Z,
arbeitnow_ai-solutions-engineer-bern-215193,AI Solutions Engineer,Cascination Ag,Bern,2026-09-30,"AI, Solutions, Engineer, AI Solutions Engineer","Experienced, Permanent, Full time",,,,,,0,https://www.arbeitnow.ch/jobs/companies/cascination-ag/ai-solutions-engineer-bern-215193,2026-10-03T14:13:08Z,
arbeitnow_applikationsentwickler-luzern-56778,Applikationsentwickler,Callista Group AG,"Luzern, Luzern, Switzerland",2026-09-30,Software Engineering,"Experienced, freelance",,,,,,0,https://www.arbeitnow.ch/jobs/companies/callista-group-ag/applikationsentwickler-luzern-56778,2026-10-03T14:13:08Z,
arbeitnow_auxiliaire-grancy-lausanne-377088,Auxiliaire (h/f/d),PureGym AG,"Grancy Lausanne, Waadt, Schweiz",2026-09-30,Fitness Aushilfen,"Entry, parttime permanent",,,,,,0,https://www.arbeitnow.ch/jobs/companies/puregym-ag/auxiliaire-grancy-lausanne-377088,2026-10-03T14:13:08Z,
arbeitnow_financial-accountant-m-w-80-100-zurich-135568,"Financial Accountant (m/w, 80–100%)",Felfel,Zürich,2026-09-30,,"Experienced, Permanent, Full time",,Excel,,,,1,https://www.arbeitnow.ch/jobs/companies/felfel/financial-accountant-m-w-80-100-zurich-135568,2026-10-03T14:13:08Z,
arbeitnow_remote-enterprise-account-executive-emea-35315,Enterprise Account Executive - EMEA,Abacum,"Remote, Remote",2026-09-30,Sales,Full Time,,Excel,,,,1,https://www.arbeitnow.ch/jobs/companies/abacum/remote-enterprise-account-executive-emea-35315,2026-10-03T14:13:08Z,
arbeitnow_remote-healthcare-life-sciences-principal-emea-252569,"Healthcare & Life Sciences Principal, EMEA",purestorage,"Remote, Remote",2026-09-30,Sales,,,,,,,0,https://www.arbeitnow.ch/jobs/companies/purestorage/remote-healthcare-life-sciences-principal-emea-252569,2026-10-03T14:13:08Z,
arbeitnow_remote-senior-experience-engineer-217975,Senior Experience Engineer,Parity,"Remote, Remote",2026-09-30,Acceleration,Full Time,,,,,,0,https://www.arbeitnow.ch/jobs/companies/parity/remote-senior-experience-engineer-217975,2026-10-03T14:13:08Z,
arbeitnow_remote-senior-product-marketing-manager-emea-237709,Senior Product Marketing Manager - EMEA,Camunda,"Remote, Remote",2026-09-30,Marketing,Full Time,,,,,,0,https://www.arbeitnow.ch/jobs/companies/camunda/remote-senior-product-marketing-manager-emea-237709,2026-10-03T14:13:08Z,
arbeitnow_remote-team-lead-talent-acquisition-290576,Team Lead Talent Acquisition (d/w/m),Mawave Marketing GmbH,"Remote, Remote",2026-09-30,,"Experienced, Permanent, Full time",,,,,,0,https://www.arbeitnow.ch/jobs/companies/mawave-marketing-gmbh/remote-team-lead-talent-acquisition-290576,2026-10-03T14:13:08Z,
arbeitnow_senior-applied-scientist-efficient-llm-inference-model-optimization-zurich-31303,"Senior Applied Scientist, Efficient LLM Inference & Model Optimization",Nebius,Zurich,2026-09-30,ML,,,Python,,,,1,https://www.arbeitnow.ch/jobs/companies/nebius/senior-applied-scientist-efficient-llm-inference-model-optimization-zurich-31303,2026-10-03T14:13:08Z,
arbeitnow_senior-business-analyst-financial-crime-compliance-market-conduct-470819,Senior Business Analyst – Financial Crime Compliance & Market Conduct,capco,,2026-09-30,Finance Risk & Compliance,,,,,,,0,https://www.arbeitnow.ch/jobs/companies/capco/senior-business-analyst-financial-crime-compliance-market-conduct-470819,2026-10-03T14:13:08Z,
arbeitnow_senior-consultant-healthcare-80-100-bern-289495,Senior Consultant Healthcare (w/m/d) 80-100%,Collana,Bern,2026-09-30,"Healthcare, Spital, Beratung, Business Central, BC, Gesundheitswesen, Projektleitung, Projektmanagement, Consulting, Digitaliserung, ERP, IT","Experienced, Permanent, Full or part time",,,,,,0,https://www.arbeitnow.ch/jobs/companies/collana/senior-consultant-healthcare-80-100-bern-289495,2026-10-03T14:13:08Z,
arbeitnow_senior-software-engineer-infrastructure-geneva-373235,"Senior Software Engineer, Infrastructure",Ripple,Geneva,2026-09-30,Engineering,,,,,,,1,https://www.arbeitnow.ch/jobs/companies/ripple/senior-software-engineer-infrastructure-geneva-373235,2026-10-03T14:13:08Z,
arbeitnow_supplier-quality-engineer-zurich-241468,Supplier Quality Engineer,Anybotics,Zurich,2026-09-30,Operations,"Employee, full time (100%)",,,,,,0,https://www.arbeitnow.ch/jobs/companies/anybotics/supplier-quality-engineer-zurich-241468,2026-10-03T14:13:08Z,
remoteok_1137439,Client Advisor,Toptal,Remote,2026-09-30,customer support,,,,10000.0,50000.0,USD,0,https://remoteOK.com/remote-jobs/remote-client-advisor-toptal-1137439,2026-10-03T14:13:08Z,30000.0
remoteok_1137451,Enterprise Sales Development Representative,Toptal,Remote,2026-09-30,"customer support, sales",,,,10000.0,50000.0,USD,0,https://remoteOK.com/remote-jobs/remote-enterprise-sales-development-representative-toptal-1137451,2026-10-03T14:13:08Z,30000.0
remotive_2091132,Senior back-end Engineer,Lemon.io,"Europe, USA, UK, Canada, Australia, Ireland, Switzerland, Singapore, Mexico, Iceland, Norway",2026-09-30,Software Development,full_time,,Python,,,,1,https://remotive.com/remote-jobs/software-development/senior-back-end-engineer-2091132,2026-10-03T14:13:08Z,
arbeitnow_account-director-client-solutions-switzerland-103298,"Account Director, Client Solutions",Jobgether,Switzerland,2026-09-29,Account Executive,Full-time,,"Snowflake, dbt",,,,1,https://www.arbeitnow.ch/jobs/companies/jobgether/account-director-client-solutions-switzerland-103298,2026-10-03T14:13:08Z,
arbeitnow_account-director-switzerland-319396,Account Director,Jobgether,Switzerland,2026-09-29,Support,Contract,,,,,,0,https://www.arbeitnow.ch/jobs/companies/jobgether/account-director-switzerland-319396,2026-10-03T14:13:08Z,
arbeitnow_ai-process-forward-deployed-engineer-switzerland-349251,AI Process Forward Deployed Engineer,Jobgether,Switzerland,2026-09-29,IT,Full-time,,,,,,0,https://www.arbeitnow.ch/jobs/companies/jobgether/ai-process-forward-deployed-engineer-switzerland-349251,2026-10-03T14:13:08Z,
arbeitnow_ai-systems-engineer-geneva-476203,AI Systems Engineer,Sonarsource,Geneva,2026-09-29,Business Technology,Employee / Full-Time,,Python,,,,1,https://www.arbeitnow.ch/jobs/companies/sonarsource/ai-systems-engineer-geneva-476203,2026-10-03T14:13:08Z,
arbeitnow_backend-software-engineer-indexing-zurich-240473,Backend Software Engineer - Indexing,DeepJudge,Zurich HQ,2026-09-29,Engineering,Full Time,,"SQL, Python",,,,1,https://www.arbeitnow.ch/jobs/companies/deepjudge/backend-software-engineer-indexing-zurich-240473,2026-10-03T14:13:08Z,
arbeitnow_growth-marketing-consultant-manager-german-required-zurich-15607,Growth Marketing Consultant/Manager (German required),what. AG,"Zürich, Zürich, Switzerland",2026-09-29,Growth Team,"Experienced, fulltime permanent",,,,,,0,https://www.arbeitnow.ch/jobs/companies/what-ag/growth-marketing-consultant-manager-german-required-zurich-15607,2026-10-03T14:13:08Z,
arbeitnow_member-of-technical-staff-device-software-engineer-zurich-229782,Member of Technical Staff - Device Software Engineer,Domera Labs,Zürich,2026-09-29,Engineering,Full Time,,Python,,,,1,https://www.arbeitnow.ch/jobs/companies/domera-labs/member-of-technical-staff-device-software-engineer-zurich-229782,2026-10-03T14:13:08Z,
arbeitnow_people-hunter-talent-acquisition-assistant-switzerland-273927,[People] Hunter / Talent Acquisition Assistant,Jobgether,Switzerland,2026-09-29,Recruiting,Full-time,,,,,,0,https://www.arbeitnow.ch/jobs/companies/jobgether/people-hunter-talent-acquisition-assistant-switzerland-273927,2026-10-03T14:13:08Z,
arbeitnow_remote-ai-native-landing-page-designer-99931,AI-Native Landing Page Designer,Uplane,remote,2026-09-29,Marketing,Full Time,,,,,,0,https://www.arbeitnow.ch/jobs/companies/uplane/remote-ai-native-landing-page-designer-99931,2026-10-03T14:13:08Z,
arbeitnow_remote-ai-native-static-ad-designer-209081,AI-Native Static Ad Designer,Uplane,remote,2026-09-29,Marketing,Full Time,,,,,,0,https://www.arbeitnow.ch/jobs/companies/uplane/remote-ai-native-static-ad-designer-209081,2026-10-03T14:13:08Z,
arbeitnow_remote-ai-native-video-producer-17194,AI-Native Video Producer,Uplane,remote,2026-09-29,Marketing,Full Time,,,,,,0,https://www.arbeitnow.ch/jobs/companies/uplane/remote-ai-native-video-producer-17194,2026-10-03T14:13:08Z,
arbeitnow_remote-network-developer-269751,Network Developer,Share,"Remote, Remote",2026-09-29,Network Engineering,Full Time,,Python,,,,1,https://www.arbeitnow.ch/jobs/companies/share/remote-network-developer-269751,2026-10-03T14:13:08Z,
arbeitnow_remote-network-operation-engineer-411432,Network Operation Engineer,Share,"Remote, Remote",2026-09-29,Network Engineering,Full Time,,Python,,,,1,https://www.arbeitnow.ch/jobs/companies/share/remote-network-operation-engineer-411432,2026-10-03T14:13:08Z,
arbeitnow_sales-operations-manager-memory-solutions-ch-bronschhofen-4857,Sales Operations Manager - Memory Solutions (m/w/d),Swissbit,CH-Bronschhofen,2026-09-29,"KPI Reporting, Account Management, Market research, Sales, Revenue Analysis, Business Development","Experienced, Permanent, Full time",,Power BI,,,,1,https://www.arbeitnow.ch/jobs/companies/swissbit/sales-operations-manager-memory-solutions-ch-bronschhofen-4857,2026-10-03T14:13:08Z,
arbeitnow_senior-or-staff-backend-engineer-ai-tooling-switzerland-10901,"(Senior or Staff) Backend Engineer, AI tooling",Jobgether,Switzerland,2026-09-29,IT,Full-time,,,,,,0,https://www.arbeitnow.ch/jobs/companies/jobgether/senior-or-staff-backend-engineer-ai-tooling-switzerland-10901,2026-10-03T14:13:08Z,
arbeitnow_software-engineer-delta-platform-zurich-204451,Software Engineer - Delta Platform,BLP Digital AG,Zurich,2026-09-29,Engineering,Full Time,,,,,,0,https://www.arbeitnow.ch/jobs/companies/blp-digital-ag/software-engineer-delta-platform-zurich-204451,2026-10-03T14:13:08Z,
arbeitnow_software-engineer-robot-autonomy-actuator-control-locomotion-intern-zurich-419100,"Software Engineer, Robot Autonomy (Actuator Control & Locomotion), Intern",Laelaps,"Zürich, Switzerland",2026-09-29,Engineering,Intern,,Python,,,,1,https://www.arbeitnow.ch/jobs/companies/laelaps/software-engineer-robot-autonomy-actuator-control-locomotion-intern-zurich-419100,2026-10-03T14:13:08Z,
arbeitnow_software-engineer-robot-autonomy-localisation-state-estimation-zurich-286746,"Software Engineer, Robot Autonomy (Localisation & State Estimation)",Laelaps,"Zürich, Switzerland",2026-09-29,Engineering,Full Time,,Python,,,,1,https://www.arbeitnow.ch/jobs/companies/laelaps/software-engineer-robot-autonomy-localisation-state-estimation-zurich-286746,2026-10-03T14:13:08Z,
arbeitnow_software-engineer-robot-autonomy-planning-navigation-zurich-480605,"Software Engineer, Robot Autonomy (Planning & Navigation)",Laelaps,"Zürich, Switzerland",2026-09-29,Engineering,Full Time,,Python,,,,1,https://www.arbeitnow.ch/jobs/companies/laelaps/software-engineer-robot-autonomy-planning-navigation-zurich-480605,2026-10-03T14:13:08Z,
arbeitnow_ai-harness-engineer-switzerland-489460,AI Harness Engineer,Jobgether,Switzerland,2026-09-28,IT,Full-time,,,,,,0,https://www.arbeitnow.ch/jobs/companies/jobgether/ai-harness-engineer-switzerland-489460,2026-10-03T14:13:08Z,
arbeitnow_clinical-affairs-pipeline-geneva-345853,Clinical Affairs Pipeline,Anteristech,Geneva,2026-09-28,Clinical,,,,,,,0,https://www.arbeitnow.ch/jobs/companies/anteristech/clinical-affairs-pipeline-geneva-345853,2026-10-03T14:13:08Z,
arbeitnow_engagement-manager-strategy-data-ai-transformation-lausanne-vaud-zurich-443497,Engagement Manager (Strategy & Data/AI Transformation),Artefact,"Lausanne, Vaud; Zürich",2026-09-28,Data Consulting,,,,,,,1,https://www.arbeitnow.ch/jobs/companies/artefact/engagement-manager-strategy-data-ai-transformation-lausanne-vaud-zurich-443497,2026-10-03T14:13:08Z,
arbeitnow_engagement-manager-strategy-data-ai-transformation-lausanne-vaud-zurich-483818,Engagement Manager (Strategy & Data/AI Transformation),Artefactlinkedin,"Lausanne, Vaud; Zürich",2026-09-28,Data Consulting,,,,,,,1,https://www.arbeitnow.ch/jobs/companies/artefactlinkedin/engagement-manager-strategy-data-ai-transformation-lausanne-vaud-zurich-483818,2026-10-03T14:13:08Z,
arbeitnow_full-stack-developer-multichannel-experience-244022,"Full Stack Developer, Multichannel Experience",Sofitechsolutions,,2026-09-28,STS Debit and Credit Engineering,,,Excel,,,,1,https://www.arbeitnow.ch/jobs/companies/sofitechsolutions/full-stack-developer-multichannel-experience-244022,2026-10-03T14:13:08Z,
arbeitnow_graduate-quant-researcher-digital-assets-zug-171216,Graduate Quant Researcher - Digital Assets,Imc,Zug,2026-09-28,Quantitative Research,,,Python,,,,1,https://www.arbeitnow.ch/jobs/companies/imc/graduate-quant-researcher-digital-assets-zug-171216,2026-10-03T14:13:08Z,
arbeitnow_principal-data-strategist-zurich-182572,Principal Data Strategist (m/f/d),thoughtworks,Zurich,2026-09-28,1Y_TWDEU SL DATA,,,,,,,0,https://www.arbeitnow.ch/jobs/companies/thoughtworks/principal-data-strategist-zurich-182572,2026-10-03T14:13:08Z,
arbeitnow_remote-senior-software-engineer-quality-4113,"Senior Software Engineer, Quality",Camunda,"Remote, Remote",2026-09-28,Products,Full Time,,Python,,,,1,https://www.arbeitnow.ch/jobs/companies/camunda/remote-senior-software-engineer-quality-4113,2026-10-03T14:13:08Z,
arbeitnow_remote-senior-software-engineer-redapl-graph-engine-47394,Senior Software Engineer - REDAPL Graph Engine,Datadog,"Remote, Remote",2026-09-28,Dev Eng,,,,,,,0,https://www.arbeitnow.ch/jobs/companies/datadog/remote-senior-software-engineer-redapl-graph-engine-47394,2026-10-03T14:13:08Z,
arbeitnow_remote-voice-actor-cx-agent-voice-cloning-swiss-german-switzerland-438891,Voice Actor: CX Agent Voice Cloning (Swiss German),Weekday 1,"Switzerland, Remote",2026-09-28,"AI Training, Remote","Contract, mid-senior",,,,,,0,https://www.arbeitnow.ch/jobs/companies/weekday-1/remote-voice-actor-cx-agent-voice-cloning-swiss-german-switzerland-438891,2026-10-03T14:13:08Z,
arbeitnow_sales-engineer-455645,Sales Engineer,Catonetworks,,2026-09-28,Sales Engineer EMEA,,,,,,,0,https://www.arbeitnow.ch/jobs/companies/catonetworks/sales-engineer-455645,2026-10-03T14:13:08Z,
arbeitnow_sales-engineer-banking-zurich-363959,"Sales Engineer, Banking",Fireblocks,Zürich,2026-09-28,Sales,,,,,,,0,https://www.arbeitnow.ch/jobs/companies/fireblocks/sales-engineer-banking-zurich-363959,2026-10-03T14:13:08Z,
arbeitnow_senior-ai-engineer-technical-consultant-lausanne-vaud-322378,Senior AI Engineer / Technical Consultant,Artefactlinkedin,"Lausanne, Vaud",2026-09-28,Data Science,,,"SQL, Python",,,,1,https://www.arbeitnow.ch/jobs/companies/artefactlinkedin/senior-ai-engineer-technical-consultant-lausanne-vaud-322378,2026-10-03T14:13:08Z,
arbeitnow_senior-ai-engineer-technical-consultant-lausanne-vaud-475347,Senior AI Engineer / Technical Consultant,Artefact,"Lausanne, Vaud",2026-09-28,Data Science,,,"SQL, Python",,,,1,https://www.arbeitnow.ch/jobs/companies/artefact/senior-ai-engineer-technical-consultant-lausanne-vaud-475347,2026-10-03T14:13:08Z,
arbeitnow_senior-applied-ml-engineer-agentic-search-zurich-458957,Senior Applied ML Engineer (Agentic Search),Nebius,Zurich,2026-09-28,Agentic Search,,,Python,,,,1,https://www.arbeitnow.ch/jobs/companies/nebius/senior-applied-ml-engineer-agentic-search-zurich-458957,2026-10-03T14:13:08Z,
arbeitnow_senior-consultant-strategy-data-ai-transformation-zurich-134394,Senior Consultant (Strategy & Data/AI Transformation),Artefactlinkedin,Zürich,2026-09-28,Data Consulting,,,,,,,1,https://www.arbeitnow.ch/jobs/companies/artefactlinkedin/senior-consultant-strategy-data-ai-transformation-zurich-134394,2026-10-03T14:13:08Z,
arbeitnow_senior-consultant-strategy-data-ai-transformation-zurich-269489,Senior Consultant (Strategy & Data/AI Transformation),Artefact,Zürich,2026-09-28,Data Consulting,,,,,,,1,https://www.arbeitnow.ch/jobs/companies/artefact/senior-consultant-strategy-data-ai-transformation-zurich-269489,2026-10-03T14:13:08Z,
arbeitnow_senior-machine-learning-engineer-llm-inference-optimization-zurich-221952,"Senior Machine Learning Engineer, LLM Inference Optimization",Nebius,Zurich,2026-09-28,ML,,,Python,,,,1,https://www.arbeitnow.ch/jobs/companies/nebius/senior-machine-learning-engineer-llm-inference-optimization-zurich-221952,2026-10-03T14:13:08Z,
arbeitnow_senior-risk-manager-geneva-geneva-2373,Senior Risk Manager,Gardacp,"Geneva, Geneva",2026-09-28,Risk,,,,,,,1,https://www.arbeitnow.ch/jobs/companies/gardacp/senior-risk-manager-geneva-geneva-2373,2026-10-03T14:13:08Z,
arbeitnow_senior-software-engineer-java-kafka-integration-olten-461579,"Senior Software Engineer - Java, Kafka & Integration",Callista Group AG,"Olten, Aargau, Switzerland",2026-09-28,Software Engineering,"Experienced, freelance",,,,,,0,https://www.arbeitnow.ch/jobs/companies/callista-group-ag/senior-software-engineer-java-kafka-integration-olten-461579,2026-10-03T14:13:08Z,
arbeitnow_software-engineer-intern-ai-internal-tools-geneva-geneva-zug-zug-95006,Software Engineer Intern (AI Internal Tools),Gardacp,"Geneva, Geneva; Zug, Zug",2026-09-28,Research & Technology (Internship),,,,,,,0,https://www.arbeitnow.ch/jobs/companies/gardacp/software-engineer-intern-ai-internal-tools-geneva-geneva-zug-zug-95006,2026-10-03T14:13:08Z,
arbeitnow_staff-design-verification-engineer-ai-hw-zurich-77609,"Staff Design Verification Engineer, AI HW",tenstorrent,Zürich,2026-09-28,AI Hardware,,,Python,,,,1,https://www.arbeitnow.ch/jobs/companies/tenstorrent/staff-design-verification-engineer-ai-hw-zurich-77609,2026-10-03T14:13:08Z,
arbeitnow_staff-principal-applied-ai-researcher-agentic-search-zurich-372991,Staff / Principal Applied AI Researcher (Agentic Search),Nebius,Zurich,2026-09-28,Agentic Search,,,Python,,,,1,https://www.arbeitnow.ch/jobs/companies/nebius/staff-principal-applied-ai-researcher-agentic-search-zurich-372991,2026-10-03T14:13:08Z,
arbeitnow_staff-senior-software-engineer-agentic-search-crawler-zurich-480813,Staff / Senior Software Engineer (Agentic Search) - Crawler,Nebius,Zurich,2026-09-28,Agentic Search,,,,,,,0,https://www.arbeitnow.ch/jobs/companies/nebius/staff-senior-software-engineer-agentic-search-crawler-zurich-480813,2026-10-03T14:13:08Z,
arbeitnow_staff-senior-software-engineer-agentic-search-index-zurich-247828,Staff / Senior Software Engineer (Agentic Search) - Index,Nebius,Zurich,2026-09-28,Agentic Search,,,,,,,0,https://www.arbeitnow.ch/jobs/companies/nebius/staff-senior-software-engineer-agentic-search-index-zurich-247828,2026-10-03T14:13:08Z,
arbeitnow_staff-senior-software-engineer-agentic-search-runtime-zurich-424302,Staff / Senior Software Engineer (Agentic Search) - Runtime,Nebius,Zurich,2026-09-28,Agentic Search,,,,,,,0,https://www.arbeitnow.ch/jobs/companies/nebius/staff-senior-software-engineer-agentic-search-runtime-zurich-424302,2026-10-03T14:13:08Z,
remoteok_1137434,Director Payment Integrity,SIHO Insurance Services,"SIHO - Columbus, IN",2026-09-26,"exec, sys admin, education, supervisor, customer support, quality assurance, c, microsoft, ops, excel, legal, medical",,,Excel,0.0,0.0,,1,https://remoteOK.com/remote-jobs/remote-director-payment-integrity-siho-insurance-services-1137434,2026-10-03T14:13:08Z,0.0
remoteok_1137429,MecÃ¡nico Automotriz DiagnÃ³stico y Presupuestos,Workana,Remote,2026-09-24,,,,,0.0,0.0,,0,https://remoteOK.com/remote-jobs/remote-mecanico-automotriz-diagnostico-y-presupuestos-workana-1137429,2026-10-03T14:13:08Z,0.0
remoteok_1137431,Danish Speaking Solutions Consultant Work Sofia Bulgaria,Mercier Consultancy Group,Remote,2026-09-24,"consulting, education, technical, customer support, marketing, travel, excel, medical, recruiter",,,Excel,0.0,0.0,,1,https://remoteOK.com/remote-jobs/remote-danish-speaking-solutions-consultant-work-sofia-bulgaria-mercier-consultancy-group-1137431,2026-10-03T14:13:08Z,0.0
remoteok_1137420,Frontend Engineer,Bjak,Singapore,2026-09-23,"front end, design, react, graphql, react.js, technical, web dev, javascript, css, chatbot, html, typescript, node, node.js, exec, sys admin, engineer, backend, digital nomad",,,,0.0,0.0,,0,https://remoteOK.com/remote-jobs/remote-frontend-engineer-bjak-1137420,2026-10-03T14:13:08Z,0.0
remoteok_1137421,Technical Product Manager AI Stockbroking App,Bjak,Germany,2026-09-23,"product manager, exec, design, sys admin, infosec, technical, finance, ruby, mobile, ops, engineer, digital nomad",,,,0.0,0.0,,0,https://remoteOK.com/remote-jobs/remote-technical-product-manager-ai-stockbroking-app-bjak-1137421,2026-10-03T14:13:08Z,0.0
remoteok_1137427,Software Engineer,Prenosis,Remote,2026-09-23,"golang, dev, engineer, digital nomad",,,,0.0,0.0,,0,https://remoteOK.com/remote-jobs/remote-software-engineer-prenosis-1137427,2026-10-03T14:13:08Z,0.0
remoteok_1137428,Video Data Annotator,iMerit Technology,Remote,2026-09-23,"quality assurance, ai, data annotation",,,,70000.0,80000.0,USD,0,https://remoteOK.com/remote-jobs/remote-video-data-annotator-imerit-technology-1137428,2026-10-03T14:13:08Z,75000.0
remoteok_1137414,Senior Growth Product Manager AI Native,Magic Eden,Melbourne,2026-09-22,"product manager, marketing, exec, design, crypto, nft, game dev, consulting, testing, analyst, finance, senior, golang, engineer, digital nomad",,,,0.0,0.0,,1,https://remoteOK.com/remote-jobs/remote-senior-growth-product-manager-ai-native-magic-eden-1137414,2026-10-03T14:13:08Z,0.0
remoteok_1137415,Freelance grabaciÃ³n de tareas cotidianas para proyecto de IA,Mindrift - Data annotation,Remote,2026-09-22,"data annotation, c",,,,0.0,0.0,,0,https://remoteOK.com/remote-jobs/remote-freelance-grabacion-de-tareas-cotidianas-para-proyecto-de-ia-mindrift-data-annotation-1137415,2026-10-03T14:13:08Z,0.0
remoteok_1137417,Software Developer Security Analytics,RedMimicry,Remote,2026-09-22,"golang, infosec, dev, stats, full time, digital nomad",,,,0.0,0.0,,1,https://remoteOK.com/remote-jobs/remote-software-developer-security-analytics-redmimicry-1137417,2026-10-03T14:13:08Z,0.0
remoteok_1137418,Junior Digital Assets Operations Analyst,Omega Enterprises,Remote,2026-09-22,"other, crypto, remote, education, web3, bitcoin, ethereum, part time, finance, blockchain, defi, junior, analyst, ops",,,,60000.0,80000.0,USD,1,https://remoteOK.com/remote-jobs/remote-junior-digital-assets-operations-analyst-omega-enterprises-1137418,2026-10-03T14:13:08Z,70000.0
remoteok_1137412,People Operations Coordinator,Ashby,Remote,2026-09-21,"saas, recruiter, coordinator, customer support, dev, exec, education, ops, medical, digital nomad",,,,55000.0,80000.0,USD,0,https://remoteOK.com/remote-jobs/remote-people-operations-coordinator-ashby-1137412,2026-10-03T14:13:08Z,67500.0
remotive_2091144,Content Reviewer - United States,TELUS Digital,USA,2026-09-21,All others,part_time,,,,,,0,https://remotive.com/remote-jobs/all-others/content-reviewer-united-states-2091144,2026-10-03T14:13:08Z,
remoteok_1137410,Frontend Engineer,Bjak,Ireland,2026-09-20,"front end, design, react, graphql, react.js, technical, web dev, javascript, css, chatbot, html, typescript, node, node.js, exec, sys admin, engineer, backend, digital nomad",,,,0.0,0.0,,0,https://remoteOK.com/remote-jobs/remote-frontend-engineer-bjak-1137410,2026-10-03T14:13:08Z,0.0
remoteok_1137411,Senior .NET Software Engineer,OkWhen,Remote,2026-09-20,"dev, design, c sharp, saas, sys admin, infosec, education, technical, testing, web dev, xamarin, c, cloud, git, typescript, angular, mobile, exec, content writing, senior, ops, medical, engineer, backend, digital nomad",,,SQL,0.0,0.0,,1,https://remoteOK.com/remote-jobs/remote-senior-net-software-engineer-okwhen-1137411,2026-10-03T14:13:08Z,0.0
remoteok_1137406,Customer Success Manager Mexico,JumpCloud,"Mexico City, Mexico - Remote",2026-09-19,"customer support, exec, saas, sys admin, swift, infosec, technical, marketing, travel, speech, finance, education, c, mobile, sales, medical, recruiter, engineer",,,,0.0,0.0,,1,https://remoteOK.com/remote-jobs/remote-customer-success-manager-mexico-jumpcloud-1137406,2026-10-03T14:13:08Z,0.0
remoteok_1137407,VP Pricing & Packaging,Delinea,Redwood City,2026-09-19,"design, saas, salesforce, infosec, vfx, dev, finance, education, cloud, admin, exec, ops, marketing, sales, medical, digital nomad",,,,300000.0,340000.0,USD,0,https://remoteOK.com/remote-jobs/remote-vp-pricing-packaging-delinea-1137407,2026-10-03T14:13:08Z,320000.0
remoteok_1137408,Software Deployment Engineer,KPI Solutions,Cincinnati,2026-09-19,"dev, design, sys admin, education, consulting, technical, customer support, testing, quality assurance, c, robotics, exec, junior, ops, golang, medical, engineer, ecommerce, digital nomad",,,SQL,0.0,0.0,,1,https://remoteOK.com/remote-jobs/remote-software-deployment-engineer-kpi-solutions-1137408,2026-10-03T14:13:08Z,0.0
remoteok_1137405,Senior Shopify Developer,Sanctuary Computer,Remote,2026-09-18,"dev, engineer, senior, front end, shopify",,,,80000.0,250000.0,USD,1,https://remoteOK.com/remote-jobs/remote-senior-shopify-developer-sanctuary-computer-1137405,2026-10-03T14:13:08Z,165000.0
remotive_2091131,Senior AI Engineer,Lemon.io,"Northern America, LATAM, Europe, APAC",2026-09-18,Artificial Intelligence,full_time,,Python,,,,1,https://remotive.com/remote-jobs/artificial-intelligence/senior-ai-engineer-2091131,2026-10-03T14:13:08Z,
remotive_2091139,🇩🇪 Kundenservice Mobilfunk Inbound - innerhalb der EU (ausgenommen: Deutschland),hey contact heroes GmbH,Europe,2026-09-18,Customer Service,freelance,,,,,,0,https://remotive.com/remote-jobs/customer-service/kundenservice-mobilfunk-inbound-innerhalb-der-eu-ausgenommen-deutschland-2091139,2026-10-03T14:13:08Z,
remotive_2091140,Senior Shopify Developer,Sanctuary Computer Inc,Worldwide,2026-09-18,Software Development,contract,,,80000.0,150000.0,USD,1,https://remotive.com/remote-jobs/software-development/senior-shopify-developer-2091140,2026-10-03T14:13:08Z,115000.0
remotive_2091141,Frontend Web Application Developer,KoboToolbox,"USA, Canada, Argentina, Mexico, Peru",2026-09-18,Design,full_time,,Python,90000.0,105000.0,USD,1,https://remotive.com/remote-jobs/design/frontend-web-application-developer-2091141,2026-10-03T14:13:08Z,97500.0
remotive_2091130,Senior .NET Full-stack Developer,Lemon.io,"Northern America, LATAM, Europe, APAC",2026-09-17,Software Development,full_time,,Python,,,,1,https://remotive.com/remote-jobs/software-development/senior-net-full-stack-developer-2091130,2026-10-03T14:13:08Z,
remoteok_1137396,Principal Product Manager,DomainTools,Remote,2026-09-16,"product manager, exec, infosec, marketing, design, web dev, scrum, cloud, api, stats, sales, engineer, digital nomad",,,,0.0,0.0,,1,https://remoteOK.com/remote-jobs/remote-principal-product-manager-domaintools-1137396,2026-10-03T14:13:08Z,0.0
remoteok_1137398,AI Trainer Image QA Evaluator,iMerit Technology,Remote,2026-09-16,"ai, data annotation, quality assurance",,,,30000.0,40000.0,USD,0,https://remoteOK.com/remote-jobs/remote-ai-trainer-image-qa-evaluator-imerit-technology-1137398,2026-10-03T14:13:08Z,35000.0
remoteok_1137399,AI agent engineer,Sticker Mule,Remote,2026-09-16,"ai, golang, javascript, typescript",,,,150000.0,250000.0,USD,0,https://remoteOK.com/remote-jobs/remote-ai-agent-engineer-sticker-mule-1137399,2026-10-03T14:13:08Z,200000.0
remoteok_1137400,Golang Kubernetes Engineer,Arango,Remote,2026-09-16,"golang, golang, engineer",,,,0.0,0.0,,0,https://remoteOK.com/remote-jobs/remote-golang-kubernetes-engineer-arango-1137400,2026-10-03T14:13:08Z,0.0
remotive_1919265,Senior Independent Software Developer,A.Team,"Americas, Europe, Israel",2026-09-16,Software Development,contract,,,,,,0,https://remotive.com/remote-jobs/software-development/senior-independent-software-developer-1919265,2026-10-03T14:13:08Z,
remotive_1919266,Senior Independent AI Engineer / Architect,A.Team,"Americas, Europe, Israel",2026-09-16,Software Development,contract,,,,,,1,https://remotive.com/remote-jobs/software-development/senior-independent-ai-engineer-architect-1919266,2026-10-03T14:13:08Z,
remotive_2091129,Senior Data Scientist,Lemon.io,"Northern America, LATAM, Europe, APAC",2026-09-16,Data and Analytics,full_time,,Python,,,,1,https://remotive.com/remote-jobs/data/senior-data-scientist-2091129,2026-10-03T14:13:08Z,
remoteok_1137394,Sr Solutions Architect,ExtraHop,Remote,2026-09-15,"architecture, design, infosec, python, technical, customer support, javascript, api, ops, marketing, sales, digital nomad",,,Python,0.0,0.0,,1,https://remoteOK.com/remote-jobs/remote-sr-solutions-architect-extrahop-1137394,2026-10-03T14:13:08Z,0.0
remoteok_1137391,Junior Payroll Assistant,Sleek,Remote,2026-09-14,"payroll, virtual assistant, education, technical, supervisor, customer support, dev, marketing, exec, accounting, finance, video, junior, ops, excel, sys admin, digital nomad",,,Excel,0.0,0.0,,1,https://remoteOK.com/remote-jobs/remote-junior-payroll-assistant-sleek-1137391,2026-10-03T14:13:08Z,0.0
remotive_2069746,Tech Lead Full-Stack Rails Engineer,Mitre Media,"USA, Canada, USA timezones",2026-09-14,Software Development,full_time,,,170000.0,200000.0,USD,0,https://remotive.com/remote-jobs/software-development/tech-lead-full-stack-rails-engineer-2069746,2026-10-03T14:13:08Z,185000.0
remoteok_1137386,HR Operations Specialist,Law Offices of Sabrina Li,Remote,2026-09-12,"hr, education, customer support, marketing, finance, c, exec, content writing, ops, legal, recruiter, full time",,,,0.0,0.0,,0,https://remoteOK.com/remote-jobs/remote-hr-operations-specialist-law-offices-of-sabrina-li-1137386,2026-10-03T14:13:08Z,0.0
remoteok_1137387,Software Engineer,Mirantis,Remote,2026-09-12,"golang, dev, engineer, digital nomad",,,,0.0,0.0,,1,https://remoteOK.com/remote-jobs/remote-software-engineer-mirantis-1137387,2026-10-03T14:13:08Z,0.0
remoteok_1137388,Technical Product Lead AI Finance App,Bjak,Seoul,2026-09-12,"design, sys admin, infosec, exec, technical, finance, ruby, mobile, ops, engineer, digital nomad",,,,0.0,0.0,,0,https://remoteOK.com/remote-jobs/remote-technical-product-lead-ai-finance-app-bjak-1137388,2026-10-03T14:13:08Z,0.0
remoteok_1137379,Senior Communications Officer Strategic Communications,GiveWell,United States,2026-09-11,"exec, senior, medical",,,,0.0,0.0,,0,https://remoteOK.com/remote-jobs/remote-senior-communications-officer-strategic-communications-givewell-1137379,2026-10-03T14:13:08Z,0.0
remoteok_1137381,Marketing Student Assistant,Copenhagen Optimization,Remote,2026-09-11,"virtual assistant, strategy, customer support, dev, marketing, exec, content writing, ops, golang, digital nomad",,,,0.0,0.0,,0,https://remoteOK.com/remote-jobs/remote-marketing-student-assistant-copenhagen-optimization-1137381,2026-10-03T14:13:08Z,0.0
remotive_1680495,Remote Office Assistant,Coalition Technologies,Worldwide,2026-09-11,Marketing,full_time,,Excel,35300.0,52000.0,USD,1,https://remotive.com/remote-jobs/marketing/remote-office-assistant-1680495,2026-10-03T14:13:08Z,43650.0
remotive_2091126,AI Response Evaluator,iMerit Technology,"France, Japan, Turkey, Vietnam, Mexico, Norway",2026-09-11,Artificial Intelligence,freelance,,,10000.0,20000.0,USD,0,https://remotive.com/remote-jobs/artificial-intelligence/ai-response-evaluator-2091126,2026-10-03T14:13:08Z,15000.0
remoteok_1137375,External Data Specialist,eClinical Solutions,Remote,2026-09-10,"cloud, exec, stats",,,,0.0,0.0,,1,https://remoteOK.com/remote-jobs/remote-external-data-specialist-eclinical-solutions-1137375,2026-10-03T14:13:08Z,0.0
remoteok_1137378,Senior People & Talent Operations Partner,TestGorilla,Remote,2026-09-10,"hr, non tech",,,,70000.0,80000.0,USD,0,https://remoteOK.com/remote-jobs/remote-senior-people-talent-operations-partner-testgorilla-1137378,2026-10-03T14:13:08Z,75000.0
remoteok_1137373,Business Development Manager,Libertex Group,"ÙØ³ÙØ·, ÙØ³ÙØ· ÙØ³ÙØ· Ø¹ÙØ§Ù",2026-09-08,"product manager, exec, design, crypto, marketing, finance, bus dev, recruiter, digital nomad",,,,0.0,0.0,,0,https://remoteOK.com/remote-jobs/remote-business-development-manager-libertex-group-1137373,2026-10-03T14:13:08Z,0.0
remoteok_1137374,Quality Dispense Technician North,Thatchers Cider,"Greater Newcastle Area,",2026-09-08,"education, marketing, finance, exec, excel, golang",,,Excel,0.0,0.0,,1,https://remoteOK.com/remote-jobs/remote-quality-dispense-technician-north-thatchers-cider-1137374,2026-10-03T14:13:08Z,0.0
remotive_2086540,Inside Sales Contractor,"Credit Wellness, LLC",Worldwide,2026-09-08,Sales,full_time,,,25000.0,35000.0,USD,0,https://remotive.com/remote-jobs/sales/inside-sales-contractor-2086540,2026-10-03T14:13:08Z,30000.0
remotive_2091045,Tier III Service Desk Engineer,Unio Digital,Worldwide,2026-09-07,Information Technology,full_time,,,,,,0,https://remotive.com/remote-jobs/information-technology/tier-iii-service-desk-engineer-2091045,2026-10-03T14:13:08Z,
remoteok_1137309,AI Response Analyst,iMerit Technology,Remote,2026-09-06,"content writing, quality assurance, ai",,,,20000.0,20000.0,USD,0,https://remoteOK.com/remote-jobs/remote-ai-response-analyst-imerit-technology-1137309,2026-10-03T14:13:08Z,20000.0
remoteok_1137307,Junior Crypto Analyst & Trader,Empire Assets,Remote,2026-09-04,"part time, junior, analyst, crypto, other, web3, blockchain, defi, bitcoin, ethereum, remote, trader, Binance",,,,60000.0,80000.0,USD,1,https://remoteOK.com/remote-jobs/remote-junior-crypto-analyst-trader-empire-assets-1137307,2026-10-03T14:13:08Z,70000.0
remotive_1185979,Freelance Writer,IAPWE,Worldwide,2026-09-04,Writing,freelance,,,,,,0,https://remotive.com/remote-jobs/writing/freelance-writer-1185979,2026-10-03T14:13:08Z,
remoteok_1137224,AI Engineer Data APIs,Benzinga,Remote,2026-08-30,"golang, video, engineer",,,,0.0,0.0,,0,https://remoteOK.com/remote-jobs/remote-ai-engineer-data-apis-benzinga-1137224,2026-10-03T14:13:08Z,0.0
remoteok_1137155,Oracle Fusion Cloud Lead â Logistics & Supply Chain Management,Tessera Labs,Remote,2026-08-27,"design, sys admin, consulting, testing, exec, cloud, senior, ops, engineer, ecommerce, shopify, full time, digital nomad",,,,30.0,36.0,USD,0,https://remoteOK.com/remote-jobs/remote-oracle-fusion-cloud-lead-logistics-supply-chain-management-tessera-labs-1137155,2026-10-03T14:13:08Z,33.0
remoteok_1137156,Senior Level Designer,Blackbird Interactive,"Vancouver, BC, Canada",2026-08-27,"design, game dev, designer, technical, customer support, testing, content writing, senior, engineer, digital nomad",,,,0.0,0.0,,0,https://remoteOK.com/remote-jobs/remote-senior-level-designer-blackbird-interactive-1137156,2026-10-03T14:13:08Z,0.0
remoteok_1137162,Principal Engineer,The AI Whistleblower Initiative,Remote,2026-08-27,"golang, engineer",,,,0.0,0.0,,0,https://remoteOK.com/remote-jobs/remote-principal-engineer-the-ai-whistleblower-initiative-1137162,2026-10-03T14:13:08Z,0.0
remoteok_1137114,Senior Backend Engineer Build AI Agents,Salesforge,Remote,2026-08-25,"golang, senior, sales, engineer, backend",,,,0.0,0.0,,0,https://remoteOK.com/remote-jobs/remote-senior-backend-engineer-build-ai-agents-salesforge-1137114,2026-10-03T14:13:08Z,0.0
remoteok_1137194,Renewables Project Scheduler,Transportation Partners &amp; Logistics,"Black Bess,",2026-08-25,"sys admin, technical, customer support, testing, travel, microsoft, exec, excel, stats, engineer",,,"Power BI, Excel",0.0,0.0,,1,https://remoteOK.com/remote-jobs/remote-renewables-project-scheduler-transportation-partners-amp-logistics-1137194,2026-10-03T14:13:08Z,0.0
remoteok_1137062,DESARROLLADOR FULL STACK,Kruger NearShore LLC - Rekluti,Remote,2026-08-22,"full stack, front end, python, dev, testing, web dev, quality assurance, devops, c, cloud, nosql, git, flutter, angular, mobile, golang, backend, digital nomad",,,"SQL, Python",0.0,0.0,,1,https://remoteOK.com/remote-jobs/remote-desarrollador-full-stack-kruger-nearshore-llc-rekluti-1137062,2026-10-03T14:13:08Z,0.0
remoteok_1137072,Senior Specialist Global QMS,Orca Bio,Remote,2026-08-22,"hr, sys admin, customer support, marketing, education, exec, senior, medical, engineer, recruiter, full time",,,,0.0,0.0,,0,https://remoteOK.com/remote-jobs/remote-senior-specialist-global-qms-orca-bio-1137072,2026-10-03T14:13:08Z,0.0
remoteok_1136987,Consultant Implementation Engineer,Harbor,Remote,2026-08-20,"consulting, technical, accounting, legal, golang, engineer",,,,0.0,0.0,,0,https://remoteOK.com/remote-jobs/remote-consultant-implementation-engineer-harbor-1136987,2026-10-03T14:13:08Z,0.0
remoteok_1136937,Solutions Delivery Manager,Benchling,Boston,2026-08-18,"exec, design, technical, marketing, sales, biotech, medical, education, digital nomad",,,,150000.0,200000.0,USD,1,https://remoteOK.com/remote-jobs/remote-solutions-delivery-manager-benchling-1136937,2026-10-03T14:13:08Z,175000.0
remoteok_1136948,Digital Workplace & Automation Specialist,Dreem Health,United States,2026-08-18,"design, customer support, testing, exec, ops, marketing, sales, medical, digital nomad",,,,0.0,0.0,,0,https://remoteOK.com/remote-jobs/remote-digital-workplace-automation-specialist-dreem-health-1136948,2026-10-03T14:13:08Z,0.0
remoteok_1136949,Team Lead Education,Chaos,Remote,2026-08-18,"design, saas, vfx, customer support, dev, marketing, exec, education, content writing, senior, sales, golang, ecommerce, digital nomad",,,,0.0,0.0,,0,https://remoteOK.com/remote-jobs/remote-team-lead-education-chaos-1136949,2026-10-03T14:13:08Z,0.0
remoteok_1136950,Marketing Operations Specialist,Engine,Remote - US,2026-08-18,"customer support, marketing, travel, finance, exec, ops, sales",,,,0.0,0.0,,0,https://remoteOK.com/remote-jobs/remote-marketing-operations-specialist-engine-1136950,2026-10-03T14:13:08Z,0.0
remoteok_1136841,Lead Product Designer,HighLevel,India,2026-08-17,"product designer, design, saas, sys admin, designer, technical, customer support, testing, marketing, api, exec, content writing, senior, ops, legal, engineer, digital nomad",,,,0.0,0.0,,1,https://remoteOK.com/remote-jobs/remote-lead-product-designer-highlevel-1136841,2026-10-03T14:13:08Z,0.0
remoteok_1136844,Senior Contracts and Budget Associate,Precision Medicine Group,South Korea,2026-08-17,"supervisor, customer support, exec, senior, ops, legal, biotech",,,,0.0,0.0,,0,https://remoteOK.com/remote-jobs/remote-senior-contracts-and-budget-associate-precision-medicine-group-1136844,2026-10-03T14:13:08Z,0.0
remoteok_1136861,Hotline Paralegal,Legal Services NYC,LSNYC Central Office,2026-08-17,"infosec, education, dev, marketing, exec, legal, medical, digital nomad",,,,0.0,0.0,,0,https://remoteOK.com/remote-jobs/remote-hotline-paralegal-legal-services-nyc-1136861,2026-10-03T14:13:08Z,0.0
remoteok_1136795,Senior Software Engineer Case Execution,Pivotal Health,New York City,2026-08-16,"dev, front end, python, customer support, design, admin, exec, senior, ops, sys admin, medical, engineer, backend, digital nomad",,,"Python, Snowflake, dbt",190000.0,220000.0,USD,1,https://remoteOK.com/remote-jobs/remote-senior-software-engineer-case-execution-pivotal-health-1136795,2026-10-03T14:13:08Z,205000.0
remoteok_1136796,Staff Software Development Engineer SDM,Delinea,Redwood City,2026-08-16,"dev, design, saas, sys admin, infosec, vfx, technical, web dev, exec, devops, education, finance, cloud, api, admin, ops, golang, medical, engineer, backend, digital nomad",,,,150000.0,185000.0,USD,0,https://remoteOK.com/remote-jobs/remote-staff-software-development-engineer-sdm-delinea-1136796,2026-10-03T14:13:08Z,167500.0
remoteok_1136797,Strategic Account Executive Lodging,FreedomPay,Select USA Remote Locations,2026-08-16,"saas, infosec, game dev, consulting, marketing, travel, speech, exec, finance, education, api, mobile, senior, ops, stats, sales, medical, full time",,,,0.0,0.0,,1,https://remoteOK.com/remote-jobs/remote-strategic-account-executive-lodging-freedompay-1136797,2026-10-03T14:13:08Z,0.0
remoteok_1136798,Member of Technical Staff Engineering,Physical Superintelligence,Boston,2026-08-16,"design, infosec, technical, dev, testing, cloud, exec, engineer, digital nomad",,,,0.0,0.0,,0,https://remoteOK.com/remote-jobs/remote-member-of-technical-staff-engineering-physical-superintelligence-1136798,2026-10-03T14:13:08Z,0.0
remoteok_1136701,QA Tester Entry Level,Ace IT Careers,Remote,2026-08-15,"testing, dev, analyst, quality assurance, digital nomad",,,,0.0,0.0,,0,https://remoteOK.com/remote-jobs/remote-qa-tester-entry-level-ace-it-careers-1136701,2026-10-03T14:13:08Z,0.0
remoteok_1136687,Brand Protection & Marketplace Compliance Analyst,MultiplyMii,Remote,2026-08-14,"analyst, amazon, salesforce, technical, recruiter, customer support, marketing, speech, exec, content writing, excel, sales, ecommerce, full time",,,Excel,0.0,0.0,,1,https://remoteOK.com/remote-jobs/remote-brand-protection-marketplace-compliance-analyst-multiplymii-1136687,2026-10-03T14:13:08Z,0.0
remoteok_1136625,Gardener Handyman Driver,NT Health,"Alice Springs,",2026-08-13,"customer support, exec, medical",,,,0.0,0.0,,0,https://remoteOK.com/remote-jobs/remote-gardener-handyman-driver-nt-health-1136625,2026-10-03T14:13:08Z,0.0
remoteok_1136447,Staff Software Engineer,Evolve,Remote - US,2026-08-12,"dev, design, embedded, sys admin, infosec, architecture, testing, devops, cloud, exec, engineer, digital nomad",,,,0.0,0.0,,0,https://remoteOK.com/remote-jobs/remote-staff-software-engineer-evolve-1136447,2026-10-03T14:13:08Z,0.0
remoteok_1136566,Customer Service Representative,Adaptive Teams,Remote,2026-08-12,"hr, sys admin, education, customer support, video, finance, legal, part time, non tech",,,,0.0,0.0,,0,https://remoteOK.com/remote-jobs/remote-customer-service-representative-adaptive-teams-1136566,2026-10-03T14:13:08Z,0.0
remoteok_1136568,P2P BD Assistant,Bybit,LATAM,2026-08-12,"virtual assistant, web3, crypto, finance, exec",,,,0.0,0.0,,0,https://remoteOK.com/remote-jobs/remote-p2p-bd-assistant-bybit-1136568,2026-10-03T14:13:08Z,0.0
remoteok_1136569,Software Engineer II Golang,Stone,Remoto,2026-08-12,"dev, excel, golang, engineer, digital nomad",,,Excel,0.0,0.0,,1,https://remoteOK.com/remote-jobs/remote-software-engineer-ii-golang-stone-1136569,2026-10-03T14:13:08Z,0.0
remoteok_1136570,Software Engineer III Mobile,Stone,Remoto,2026-08-12,"dev, mobile, excel, engineer, digital nomad",,,Excel,0.0,0.0,,1,https://remoteOK.com/remote-jobs/remote-software-engineer-iii-mobile-stone-1136570,2026-10-03T14:13:08Z,0.0
remoteok_1136592,Surveyor I,American Bureau of Shipping (ABS),"Port of Spain,",2026-08-12,"sales, engineer, technical, ecommerce, teaching, admin, education, infosec, design, hr, sys admin, customer support, testing, travel, exec, ops, medical, full time, digital nomad, supervisor, dev, senior, junior",,,,0.0,0.0,,0,https://remoteOK.com/remote-jobs/remote-surveyor-i-american-bureau-of-shipping-abs-1136592,2026-10-03T14:13:08Z,0.0
remoteok_1136857,Real Time Drilling Ops Centre Analyst,SLB,"Dehradun,",2026-08-12,"testing, golang, non tech, technical, exec, design, digital nomad, education, supervisor, customer support, ops, senior, junior, analyst, dev",,,,0.0,0.0,,0,https://remoteOK.com/remote-jobs/remote-real-time-drilling-ops-centre-analyst-slb-1136857,2026-10-03T14:13:08Z,0.0
remoteok_1136878,Engineer Estimator,Crystalia Glass LLC,"Bishkek, Bishkek, Bishkek City, Kyrgyzstan",2026-08-12,"customer support, finance, exec, senior, legal, technical, marketing, excel, sales, engineer, recruiter, full time",,,Excel,0.0,0.0,,1,https://remoteOK.com/remote-jobs/remote-engineer-estimator-crystalia-glass-llc-1136878,2026-10-03T14:13:08Z,0.0
remoteok_1136379,Sales Development Representative Attributeâ,DoiT,Remote UK,2026-08-11,"technical, marketing, cloud, microsoft, exec, sales",,,,0.0,0.0,,0,https://remoteOK.com/remote-jobs/,2026-10-03T14:13:08Z,0.0
remoteok_1136188,Java Developer,Clera,Los Angeles,2026-08-05,"dev, design, education, docker, java, cloud, ops, sys admin, golang, engineer, backend, full time, digital nomad",,,,0.0,0.0,,0,https://remoteOK.com/remote-jobs/remote-java-developer-clera-1136188,2026-10-03T14:13:08Z,0.0
remoteok_1136192,Architectural Designer,Sophie's Flats Inc.,"Toronto,",2026-08-05,"design, vfx, designer, dev, marketing, medical, full time, digital nomad",,,,0.0,0.0,,0,https://remoteOK.com/remote-jobs/remote-architectural-designer-sophies-flats-inc-1136192,2026-10-03T14:13:08Z,0.0
remoteok_1136210,Head of Security,Tremendous,"New York, New York, New York, United States",2026-08-05,"exec, design, architecture, recruiter, customer support, marketing, content writing, ops, golang, full time, digital nomad, dev, senior, medical, engineer, infosec, react, embedded, technical, finance, cloud, postgres, typescript, ruby",,,,0.0,0.0,,0,https://remoteOK.com/remote-jobs/remote-head-of-security-tremendous-1136210,2026-10-03T14:13:08Z,0.0
remoteok_1136213,Freelance Designer,Control Shift Video,"Texas,",2026-08-05,"exec, design, architecture, recruiter, customer support, marketing, content writing, ops, golang, full time, digital nomad, dev, senior, medical, engineer, infosec, react, embedded, technical, finance, cloud, postgres, typescript, ruby, stats, accounting, designer, web dev, video, ads",,,,0.0,0.0,,0,https://remoteOK.com/remote-jobs/remote-freelance-designer-control-shift-video-1136213,2026-10-03T14:13:08Z,0.0
remoteok_1136770,Future Shaprs,Shapr3D,"Budapest,",2026-08-05,"testing, education, customer support, finance, c, scheme, exec, medical, marketing, full time, design, infosec, music, digital nomad, technical, engineer, teaching, math, recruiter, sys admin, golang, microsoft, excel, sales, travel, ops, virtual assistant, supervisor, serverless, cloud, legal, senior, dev, mobile, hr, game dev, stats, part time, vfx",,,Excel,0.0,0.0,,1,https://remoteOK.com/remote-jobs/remote-future-shaprs-shapr3d-1136770,2026-10-03T14:13:08Z,0.0
remoteok_1136094,Marketing Specialist,INNERGY,"Austin, Austin, Texas, United States",2026-08-04,"design, saas, salesforce, wordpress, customer support, dev, testing, marketing, web dev, travel, cloud, ads, exec, content writing, stats, sales, recruiter, digital nomad",,,,0.0,0.0,,1,https://remoteOK.com/remote-jobs/remote-marketing-specialist-innergy-1136094,2026-10-03T14:13:08Z,0.0
remoteok_1136096,Clinical Coordination Manager,Enable Dental,"Austin, Austin, Texas, United States",2026-08-04,"design, saas, salesforce, wordpress, customer support, dev, testing, marketing, web dev, travel, cloud, ads, exec, content writing, stats, sales, recruiter, digital nomad, embedded, hr, sys admin, game dev, technical, payroll, finance, api, ops, engineer, education, coordinator, medical, full time",,,,0.0,0.0,,0,https://remoteOK.com/remote-jobs/remote-clinical-coordination-manager-enable-dental-1136096,2026-10-03T14:13:08Z,0.0
remoteok_1136097,Regional Sales Manager,"Balco, Inc.","Wichita,",2026-08-04,"design, saas, salesforce, wordpress, customer support, dev, testing, marketing, web dev, travel, cloud, ads, exec, content writing, stats, sales, recruiter, digital nomad, embedded, hr, sys admin, game dev, technical, payroll, finance, api, ops, engineer, education, coordinator, medical, full time, microsoft, excel",,,Excel,0.0,0.0,,1,https://remoteOK.com/remote-jobs/remote-regional-sales-manager-balco-inc-1136097,2026-10-03T14:13:08Z,0.0
remoteok_1136216,Market Research,GROW10X,"Chennai, Chennai, Tamil Nadu, India",2026-08-04,"saas, customer support, marketing, exec, ops, sales",,,,0.0,0.0,,0,https://remoteOK.com/remote-jobs/remote-market-research-grow10x-1136216,2026-10-03T14:13:08Z,0.0
remoteok_1136217,Data Analyst Assistant,Arabian Private Holdings,"Ø¯Ø¨Ù, Ø¯Ø¨Ù Ø¯Ø¨Ù Ø§ÙØ¥ÙØ§Ø±Ø§Øª Ø§ÙØ¹Ø±Ø¨ÙØ© Ø§ÙÙØªØ­Ø¯Ø©",2026-08-04,"saas, customer support, marketing, exec, ops, sales, analyst, virtual assistant, infosec, consulting, dev, finance, math, data science, medical, full time, digital nomad",,,,0.0,0.0,,1,https://remoteOK.com/remote-jobs/remote-data-analyst-assistant-arabian-private-holdings-1136217,2026-10-03T14:13:08Z,0.0
remoteok_1136221,Business Development,GROW10X,"Islamabad, Islamabad, IslÄmÄbÄd, Pakistan",2026-08-04,"saas, customer support, marketing, exec, ops, sales, analyst, virtual assistant, infosec, consulting, dev, finance, math, data science, medical, full time, digital nomad, web dev, speech, video, mobile, senior, recruiter, technical, content writing, social media, golang, ads, embedded, bus dev",,,,0.0,0.0,,0,https://remoteOK.com/remote-jobs/remote-business-development-grow10x-1136221,2026-10-03T14:13:08Z,0.0
remoteok_1136222,Data Analyst,SEAhub Asia,"Kuala Lumpur, Kuala Lumpur, Wilayah Persekutuan Kuala Lumpur, Malaysia",2026-08-04,"saas, customer support, marketing, exec, ops, sales, analyst, virtual assistant, infosec, consulting, dev, finance, math, data science, medical, full time, digital nomad, web dev, speech, video, mobile, senior, recruiter, technical, content writing, social media, golang, ads, embedded, bus dev, python, excel, stats",,,"SQL, Python, Power BI, Tableau, Excel",0.0,0.0,,1,https://remoteOK.com/remote-jobs/remote-data-analyst-seahub-asia-1136222,2026-10-03T14:13:08Z,0.0
remoteok_1136778,Operations Engineer II,AWeber,"Uluberia-II,",2026-08-04,"infosec, javascript, technical, exec, sys admin, customer support, web dev, virtual assistant, video, api, ops, marketing, engineer, ecommerce",,,,0.0,0.0,,0,https://remoteOK.com/remote-jobs/remote-operations-engineer-ii-aweber-1136778,2026-10-03T14:13:08Z,0.0
remoteok_1137209,Online Bidder,Webnotics Pvt Ltd,"Agra,",2026-08-04,"technical, dev, marketing, web dev, exec, mobile, ops, digital nomad",,,,0.0,0.0,,0,https://remoteOK.com/remote-jobs/remote-online-bidder-webnotics-pvt-ltd-1137209,2026-10-03T14:13:08Z,0.0
remoteok_1136054,Regional Flight Operations Support Manager,Wing,"Dallas, Dallas, Texas, United States",2026-08-03,"exec, design, education, recruiter, customer support, travel, finance, ops, medical, full time, digital nomad",,,,0.0,0.0,,0,https://remoteOK.com/remote-jobs/remote-regional-flight-operations-support-manager-wing-1136054,2026-10-03T14:13:08Z,0.0
remoteok_1136086,Student Success Coach,FindTutors,"London, London, England, United Kingdom",2026-08-03,"teaching, customer support, marketing, education, exec",,,,0.0,0.0,,0,https://remoteOK.com/remote-jobs/remote-student-success-coach-findtutors-1136086,2026-10-03T14:13:08Z,0.0
remoteok_1136370,Functional Assessor,PFAS (Personal Functional Assessment Services),"Bury St Edmunds,",2026-08-03,,,,,0.0,0.0,,0,https://remoteOK.com/remote-jobs/remote-functional-assessor-pfas-personal-functional-assessment-services-1136370,2026-10-03T14:13:08Z,0.0
remoteok_1135903,Data Entry Administrator,PulseMediaNL,"Ø§ÙØ±ÙØ§Ø¶, Ø§ÙØ±ÙØ§Ø¶ Ø§ÙØ±ÙØ§Ø¶ Ø§ÙØ³Ø¹ÙØ¯ÙØ©",2026-08-02,"data entry, infosec, education, customer support, dev, marketing, admin, microsoft, exec, content writing, ops, excel, digital nomad",,,Excel,0.0,0.0,,1,https://remoteOK.com/remote-jobs/remote-data-entry-administrator-pulsemedianl-1135903,2026-10-03T14:13:08Z,0.0
remoteok_1135788,Licensed Customer Service Representative,Liberty Mutual Insurance,Remote,2026-08-01,"embedded, education, customer support, marketing, c, golang, non tech",,,,0.0,0.0,,0,https://remoteOK.com/remote-jobs/remote-licensed-customer-service-representative-liberty-mutual-insurance-1135788,2026-10-03T14:13:08Z,0.0
remoteok_1135789,Patient Outreach Specialist,Grapefruit Health,Remote,2026-08-01,"hr, teaching, education, recruiter, supervisor, customer support, dev, virtual assistant, video, medical, part time, non tech, digital nomad",,,,0.0,0.0,,0,https://remoteOK.com/remote-jobs/remote-patient-outreach-specialist-grapefruit-health-1135789,2026-10-03T14:13:08Z,0.0
remoteok_1135908,Managing Director,Berni and Mick Ireland,"Sunshine Coast, Sunshine Coast, Queensland, Australia",2026-08-01,"exec, consulting, marketing, senior, ops",,,,0.0,0.0,,0,https://remoteOK.com/remote-jobs/remote-managing-director-berni-and-mick-ireland-1135908,2026-10-03T14:13:08Z,0.0
remoteok_1136066,Customer Support Specialist,Resource Guru,"Greater London,",2026-08-01,"design, front end, designer, dev, seo, content writing, junior, marketing, engineer, full time, digital nomad, music, coordinator, customer support, speech, exec, scheme, social media, part time, photoshop, ads, illustrator, c, math, saas, education, technical, web dev, travel, video, senior, medical",,,,0.0,0.0,,0,https://remoteOK.com/remote-jobs/remote-customer-support-specialist-resource-guru-1136066,2026-10-03T14:13:08Z,0.0
remoteok_1135745,Regional General Manager Airports,WestJet,"Mississauga,",2026-07-31,"exec, infosec, customer support, testing, marketing, travel, finance, education, microsoft, mobile, senior, ops, excel, recruiter",,,Excel,0.0,0.0,,1,https://remoteOK.com/remote-jobs/remote-regional-general-manager-airports-westjet-1135745,2026-10-03T14:13:08Z,0.0
remoteok_1135765,Voice Over Artist,Bored Panda,"Vilnius, Vilnius, Vilniaus, Lithuania",2026-07-31,"dev, speech, finance, exec, ops, golang, digital nomad, illustrator, customer support, video, content writing",,,,0.0,0.0,,0,https://remoteOK.com/remote-jobs/remote-voice-over-artist-bored-panda-1135765,2026-10-03T14:13:08Z,0.0
remoteok_1135783,Human Resources Coordinator,Pacific Health Group,"San Diego, San Diego, California, United States",2026-07-31,"hr, sys admin, education, recruiter, coordinator, customer support, marketing, exec, payroll, finance, ops, medical, internship, full time",,,,0.0,0.0,,0,https://remoteOK.com/remote-jobs/remote-human-resources-coordinator-pacific-health-group-1135783,2026-10-03T14:13:08Z,0.0
remoteok_1135901,Freelance Creative Director,BMWL,"California, California, United States",2026-07-31,"design, amazon, designer, customer support, video, exec, junior, marketing, ecommerce, digital nomad, art direction, consulting, ads, content writing",,,,0.0,0.0,,0,https://remoteOK.com/remote-jobs/remote-freelance-creative-director-bmwl-1135901,2026-10-03T14:13:08Z,0.0
remoteok_1135997,BMS Service Technician,Johnson Controls,"Warana,",2026-07-31,"design, technical, customer support, dev, microsoft, senior, ops, engineer, digital nomad, sys admin, education, testing, exec, excel, payroll, medical, video, marketing, travel, finance, mobile, hr, recruiter, supervisor, consulting, assembly, saas, golang, coordinator, product manager, bus dev, sales, amazon, salesforce, infosec, embedded, java, c, c plus plus, cloud, linux, speech",,,Excel,0.0,0.0,,1,https://remoteOK.com/remote-jobs/remote-bms-service-technician-johnson-controls-1135997,2026-10-03T14:13:08Z,0.0
remoteok_1135681,Growth Strategist,Lyric,Remote,2026-07-30,"marketing, design, embedded, technical, strategy, customer support, dev, travel, finance, exec, content writing, senior, ops, sales, golang, digital nomad",,,,0.0,0.0,,0,https://remoteOK.com/remote-jobs/remote-growth-strategist-lyric-1135681,2026-10-03T14:13:08Z,0.0
remoteok_1135697,Administrative Assistant,Viable Medical Solutions,Greater Orlando,2026-07-30,"design, music, customer support, travel, video, exec, content writing, ops, marketing, ads, digital nomad, hr, dev, consulting, technical, testing, payroll, education, virtual assistant, sales, medical, full time",,,,0.0,0.0,,0,https://remoteOK.com/remote-jobs/remote-administrative-assistant-viable-medical-solutions-1135697,2026-10-03T14:13:08Z,0.0
